﻿文件完整路径
"D:\matlab\bin\Koopman\datan2\2024\45032099999_TA KWU LING_CHINA_(114.15,22.5333333).csv"
"D:\matlab\bin\Koopman\datan2\2024\45035099999_LAU FAU SHAN_CHINA_(113.9833333,22.4666666).csv"
"D:\matlab\bin\Koopman\datan2\2024\45039099999_SHA TIN_CHINA_(114.2,22.4).csv"
"D:\matlab\bin\Koopman\datan2\2024\45044099999_CHEUNG CHAU_CHINA_(114.0166666,22.2).csv"
"D:\matlab\bin\Koopman\datan2\2024\45045099999_WAGLAN ISLAND_CHINA_(114.3,22.1833333).csv"
"D:\matlab\bin\Koopman\datan2\2024\46686099999_CHIANG KAI SHEK INTERNATIONAL_CHINA TAIWAN_(121.232822,25.077731).csv"
"D:\matlab\bin\Koopman\datan2\2024\46696099999_SUNGSHAN_CHINA TAIWAN_(121.551667,25.069444).csv"
"D:\matlab\bin\Koopman\datan2\2024\46740099999_KAOHSIUNG INTERNATIONAL_CHINA TAIWAN_(120.350006,22.577094).csv"
"D:\matlab\bin\Koopman\datan2\2024\46740399999_FENGNIN_CHINA TAIWAN_(121.101681,22.754986).csv"
"D:\matlab\bin\Koopman\datan2\2024\46743099999_TAINAN_CHINA TAIWAN_(120.205778,22.950361).csv"
"D:\matlab\bin\Koopman\datan2\2024\46770099999_CHING CHUAN KANG AB_CHINA TAIWAN_(120.62058,24.264668).csv"
"D:\matlab\bin\Koopman\datan2\2024\47031199999_MEILAN_CHINA_(110.458961,19.934856).csv"
"D:\matlab\bin\Koopman\datan2\2024\47031299999_ZHENGDING_CHINA_(114.6973,38.280686).csv"
"D:\matlab\bin\Koopman\datan2\2024\50136099999_MOHE_CHINA_(122.5333333,52.9666666).csv"
"D:\matlab\bin\Koopman\datan2\2024\50353099999_HUMA_CHINA_(126.6333333,51.7333333).csv"
"D:\matlab\bin\Koopman\datan2\2024\50434099999_TULIHE_CHINA_(121.7,50.45).csv"
"D:\matlab\bin\Koopman\datan2\2024\50468099999_AIHUI_CHINA_(127.45,50.25).csv"
"D:\matlab\bin\Koopman\datan2\2024\50527099999_HAILAR_CHINA_(119.7,49.25).csv"
"D:\matlab\bin\Koopman\datan2\2024\50548099999_XIAO ERGOU_CHINA_(123.7166666,49.2).csv"
"D:\matlab\bin\Koopman\datan2\2024\50557099999_NENJIANG_CHINA_(125.2333333,49.1666666).csv"
"D:\matlab\bin\Koopman\datan2\2024\50564099999_SUNWU_CHINA_(127.35,49.4333333).csv"
"D:\matlab\bin\Koopman\datan2\2024\50603099999_XIN BARAG YOUQI_CHINA_(116.8166666,48.6833333).csv"
"D:\matlab\bin\Koopman\datan2\2024\50632099999_BUGT_CHINA_(121.9166666,48.7666666).csv"
"D:\matlab\bin\Koopman\datan2\2024\50658099999_KESHAN_CHINA_(125.8833333,48.05).csv"
"D:\matlab\bin\Koopman\datan2\2024\50727099999_ARXAN_CHINA_(119.9333333,47.1666666).csv"
"D:\matlab\bin\Koopman\datan2\2024\50745099999_SANJIAZI_CHINA_(123.918131,47.239628).csv"
"D:\matlab\bin\Koopman\datan2\2024\50756099999_HAILUN_CHINA_(126.8666666,47.45).csv"
"D:\matlab\bin\Koopman\datan2\2024\50774099999_YICHUN_CHINA_(128.8333333,47.7).csv"
"D:\matlab\bin\Koopman\datan2\2024\50788099999_FUJIN_CHINA_(131.9833333,47.2333333).csv"
"D:\matlab\bin\Koopman\datan2\2024\50844099999_TAILAI_CHINA_(123.45,46.4).csv"
"D:\matlab\bin\Koopman\datan2\2024\50854099999_ANDA_CHINA_(125.3166666,46.3833333).csv"
"D:\matlab\bin\Koopman\datan2\2024\50888099999_BAOQING_CHINA_(132.1833333,46.3166666).csv"
"D:\matlab\bin\Koopman\datan2\2024\50915099999_ULIASTAI_CHINA_(116.9666666,45.5166666).csv"
"D:\matlab\bin\Koopman\datan2\2024\50949099999_QIAN GORLOS_CHINA_(124.8666666,45.0833333).csv"
"D:\matlab\bin\Koopman\datan2\2024\50953099999_HARBIN_CHINA_(126.5666666,45.9333333).csv"
"D:\matlab\bin\Koopman\datan2\2024\50963099999_TONGHE_CHINA_(128.7333333,45.9666666).csv"
"D:\matlab\bin\Koopman\datan2\2024\50968099999_SHANGZHI_CHINA_(127.9666666,45.2166666).csv"
"D:\matlab\bin\Koopman\datan2\2024\50978099999_JIXI_CHINA_(130.9166666,45.3).csv"
"D:\matlab\bin\Koopman\datan2\2024\50983099999_HULIN_CHINA_(132.9666666,45.7666666).csv"
"D:\matlab\bin\Koopman\datan2\2024\51053099999_KABA HE_CHINA_(86.35,48.05).csv"
"D:\matlab\bin\Koopman\datan2\2024\51076099999_ALTAY_CHINA_(88.0833333,47.7333333).csv"
"D:\matlab\bin\Koopman\datan2\2024\51087099999_FUYUN_CHINA_(89.5166666,46.9833333).csv"
"D:\matlab\bin\Koopman\datan2\2024\51133099999_TACHENG_CHINA_(83.0,46.7333333).csv"
"D:\matlab\bin\Koopman\datan2\2024\51156099999_HOBOKSAR_CHINA_(85.75,46.8166666).csv"
"D:\matlab\bin\Koopman\datan2\2024\51243099999_KARAMAY_CHINA_(84.85,45.6166666).csv"
"D:\matlab\bin\Koopman\datan2\2024\51334099999_JINGHE_CHINA_(82.8166666,44.5666666).csv"
"D:\matlab\bin\Koopman\datan2\2024\51379099999_QITAI_CHINA_(89.5666666,44.0166666).csv"
"D:\matlab\bin\Koopman\datan2\2024\51463099999_WU LU MU QI_CHINA_(87.6166666,43.7833333).csv"
"D:\matlab\bin\Koopman\datan2\2024\51463599999_DIWOPU_CHINA_(87.474244,43.907106).csv"
"D:\matlab\bin\Koopman\datan2\2024\51495099999_SHISANJIANFANG_CHINA_(91.7333333,43.2166666).csv"
"D:\matlab\bin\Koopman\datan2\2024\51542099999_BAYANBULAK_CHINA_(84.15,43.0333333).csv"
"D:\matlab\bin\Koopman\datan2\2024\51573099999_TURPAN_CHINA_(89.2297222,42.95).csv"
"D:\matlab\bin\Koopman\datan2\2024\51644099999_KUQA_CHINA_(82.95,41.7166666).csv"
"D:\matlab\bin\Koopman\datan2\2024\51656099999_KORLA_CHINA_(85.8166666,41.7333333).csv"
"D:\matlab\bin\Koopman\datan2\2024\51709099999_KASHI_CHINA_(76.019956,39.542922).csv"
"D:\matlab\bin\Koopman\datan2\2024\51711099999_AKQI_CHINA_(78.45,40.9333333).csv"
"D:\matlab\bin\Koopman\datan2\2024\51716099999_BACHU_CHINA_(78.5666666,39.8).csv"
"D:\matlab\bin\Koopman\datan2\2024\51730099999_ALAR_CHINA_(81.05,40.5).csv"
"D:\matlab\bin\Koopman\datan2\2024\51747099999_TAZHONG_CHINA_(83.6666666,39.0).csv"
"D:\matlab\bin\Koopman\datan2\2024\51765099999_TIKANLIK_CHINA_(87.7,40.6333333).csv"
"D:\matlab\bin\Koopman\datan2\2024\51811099999_SHACHE_CHINA_(77.2666666,38.4333333).csv"
"D:\matlab\bin\Koopman\datan2\2024\51818099999_PISHAN_CHINA_(78.2833333,37.6166666).csv"
"D:\matlab\bin\Koopman\datan2\2024\51828099999_HOTAN_CHINA_(79.9333333,37.1333333).csv"
"D:\matlab\bin\Koopman\datan2\2024\51886099999_MANGNAI_CHINA_(90.85,38.25).csv"
"D:\matlab\bin\Koopman\datan2\2024\52112099999_NAOMAOHU_CHINA_(95.1333333,43.6).csv"
"D:\matlab\bin\Koopman\datan2\2024\52203099999_HAMI_CHINA_(93.5166667,42.8166667).csv"
"D:\matlab\bin\Koopman\datan2\2024\52323099999_MAZONG SHAN_CHINA_(97.0333333,41.8).csv"
"D:\matlab\bin\Koopman\datan2\2024\52378099999_GUAIZIHU_CHINA_(102.3666666,41.3666666).csv"
"D:\matlab\bin\Koopman\datan2\2024\52436099999_YUMENZHEN_CHINA_(97.0333333,40.2666666).csv"
"D:\matlab\bin\Koopman\datan2\2024\52495099999_BAYAN MOD_CHINA_(104.5,40.75).csv"
"D:\matlab\bin\Koopman\datan2\2024\52533099999_JIUQUAN SUZHOU_CHINA_(98.4833333,39.7666667).csv"
"D:\matlab\bin\Koopman\datan2\2024\52533199999_ZHONGCHUAN_CHINA_(103.620078,36.515231).csv"
"D:\matlab\bin\Koopman\datan2\2024\52602099999_LENGHU_CHINA_(93.3833333,38.8333333).csv"
"D:\matlab\bin\Koopman\datan2\2024\52652099999_ZHANGYE_CHINA_(100.2833333,39.0833333).csv"
"D:\matlab\bin\Koopman\datan2\2024\52681099999_MINQIN_CHINA_(103.0833333,38.6333333).csv"
"D:\matlab\bin\Koopman\datan2\2024\52713099999_DA QAIDAM_CHINA_(95.3666666,37.85).csv"
"D:\matlab\bin\Koopman\datan2\2024\52737099999_DELINGHA_CHINA_(97.3666666,37.3666666).csv"
"D:\matlab\bin\Koopman\datan2\2024\52754099999_GANGCA_CHINA_(100.1333333,37.3333333).csv"
"D:\matlab\bin\Koopman\datan2\2024\52787099999_WUSHAOLING_CHINA_(102.8666666,37.2).csv"
"D:\matlab\bin\Koopman\datan2\2024\52818099999_GOLMUD_CHINA_(94.9,36.4166666).csv"
"D:\matlab\bin\Koopman\datan2\2024\52836099999_DOULAN_CHINA_(98.1,36.3).csv"
"D:\matlab\bin\Koopman\datan2\2024\52866099999_XINING_CHINA_(101.7666667,36.6166667).csv"
"D:\matlab\bin\Koopman\datan2\2024\52908099999_WUDAOLIANG_CHINA_(93.0833333,35.2166666).csv"
"D:\matlab\bin\Koopman\datan2\2024\52955099999_GUINAN_CHINA_(100.75,35.5833333).csv"
"D:\matlab\bin\Koopman\datan2\2024\52983099999_YU ZHONG_CHINA_(104.15,35.8666666).csv"
"D:\matlab\bin\Koopman\datan2\2024\52996099999_HUAJIALING_CHINA_(105.0,35.3833333).csv"
"D:\matlab\bin\Koopman\datan2\2024\53068099999_ERENHOT_CHINA_(112.0,43.65).csv"
"D:\matlab\bin\Koopman\datan2\2024\53083099999_NARAN BULAG_CHINA_(114.15,44.6166666).csv"
"D:\matlab\bin\Koopman\datan2\2024\53149099999_MANDAL_CHINA_(110.1333333,42.5333333).csv"
"D:\matlab\bin\Koopman\datan2\2024\53192099999_ABAG QI_CHINA_(115.0,44.0166666).csv"
"D:\matlab\bin\Koopman\datan2\2024\53231099999_HAILS_CHINA_(106.3833333,41.45).csv"
"D:\matlab\bin\Koopman\datan2\2024\53336099999_HALIUT_CHINA_(108.5166666,41.5666666).csv"
"D:\matlab\bin\Koopman\datan2\2024\53352099999_BAILING MIAO_CHINA_(110.4333333,41.7).csv"
"D:\matlab\bin\Koopman\datan2\2024\53391099999_HUADE_CHINA_(114.0,41.9).csv"
"D:\matlab\bin\Koopman\datan2\2024\53463099999_BAITA_CHINA_(111.824103,40.851422).csv"
"D:\matlab\bin\Koopman\datan2\2024\53480099999_JINING_CHINA_(113.0666666,41.0333333).csv"
"D:\matlab\bin\Koopman\datan2\2024\53487099999_DATONG_CHINA_(113.4166666,40.0833333).csv"
"D:\matlab\bin\Koopman\datan2\2024\53502099999_JARTAI_CHINA_(105.75,39.7833333).csv"
"D:\matlab\bin\Koopman\datan2\2024\53513099999_LINHE_CHINA_(107.4,40.7666666).csv"
"D:\matlab\bin\Koopman\datan2\2024\53529099999_OTOG QI_CHINA_(107.9833333,39.1).csv"
"D:\matlab\bin\Koopman\datan2\2024\53543099999_DONGSHENG_CHINA_(109.9833333,39.8333333).csv"
"D:\matlab\bin\Koopman\datan2\2024\53564099999_HEQU_CHINA_(111.2166666,39.3666666).csv"
"D:\matlab\bin\Koopman\datan2\2024\53588099999_WUTAI SHAN_CHINA_(113.5166666,38.95).csv"
"D:\matlab\bin\Koopman\datan2\2024\53593099999_YU XIAN_CHINA_(114.5666666,39.8333333).csv"
"D:\matlab\bin\Koopman\datan2\2024\53614099999_YINCHUAN_CHINA_(106.2166667,38.4833333).csv"
"D:\matlab\bin\Koopman\datan2\2024\53646099999_YULIN_CHINA_(109.7833333,38.2666666).csv"
"D:\matlab\bin\Koopman\datan2\2024\53673099999_YUANPING_CHINA_(112.7,38.75).csv"
"D:\matlab\bin\Koopman\datan2\2024\53698099999_SHIJIAZHUANG_CHINA_(114.35,38.0666666).csv"
"D:\matlab\bin\Koopman\datan2\2024\53705099999_ZHONGNING_CHINA_(105.6833333,37.4833333).csv"
"D:\matlab\bin\Koopman\datan2\2024\53723099999_YANCHI_CHINA_(107.3833333,37.8).csv"
"D:\matlab\bin\Koopman\datan2\2024\53764099999_LISHI_CHINA_(111.1,37.5).csv"
"D:\matlab\bin\Koopman\datan2\2024\53772099999_WUSU_CHINA_(112.628428,37.746897).csv"
"D:\matlab\bin\Koopman\datan2\2024\53787099999_YUSHE_CHINA_(112.9833333,37.0666666).csv"
"D:\matlab\bin\Koopman\datan2\2024\53798099999_XINGTAI_CHINA_(114.3666666,37.1833333).csv"
"D:\matlab\bin\Koopman\datan2\2024\53845099999_YAN AN_CHINA_(109.5,36.6).csv"
"D:\matlab\bin\Koopman\datan2\2024\53863099999_JIEXIU_CHINA_(111.9166666,37.0333333).csv"
"D:\matlab\bin\Koopman\datan2\2024\53898099999_ANYANG_CHINA_(114.1333333,36.05).csv"
"D:\matlab\bin\Koopman\datan2\2024\53915099999_PINGLIANG_CHINA_(106.6666666,35.55).csv"
"D:\matlab\bin\Koopman\datan2\2024\53923099999_XIFENGZHEN_CHINA_(107.6333333,35.7333333).csv"
"D:\matlab\bin\Koopman\datan2\2024\53959099999_YUNCHENG_CHINA_(111.0666666,35.1166666).csv"
"D:\matlab\bin\Koopman\datan2\2024\53975099999_YANGCHENG_CHINA_(112.4,35.4833333).csv"
"D:\matlab\bin\Koopman\datan2\2024\54012099999_XI UJIMQIN QI_CHINA_(117.6,44.5833333).csv"
"D:\matlab\bin\Koopman\datan2\2024\54026099999_JARUD QI_CHINA_(120.9,44.5666666).csv"
"D:\matlab\bin\Koopman\datan2\2024\54027099999_LINDONG_CHINA_(119.4,43.9833333).csv"
"D:\matlab\bin\Koopman\datan2\2024\54049099999_CHANGLING_CHINA_(123.9666666,44.25).csv"
"D:\matlab\bin\Koopman\datan2\2024\54094099999_MUDANJIANG_CHINA_(129.6666666,44.5).csv"
"D:\matlab\bin\Koopman\datan2\2024\54096099999_SUIFENHE_CHINA_(131.15,44.3833333).csv"
"D:\matlab\bin\Koopman\datan2\2024\54102099999_XILIN HOT_CHINA_(116.1166666,43.95).csv"
"D:\matlab\bin\Koopman\datan2\2024\54115099999_LINXI_CHINA_(118.0333333,43.6333333).csv"
"D:\matlab\bin\Koopman\datan2\2024\54135099999_TONGLIAO_CHINA_(122.2666666,43.6).csv"
"D:\matlab\bin\Koopman\datan2\2024\54157099999_SIPING_CHINA_(124.3333333,43.1833333).csv"
"D:\matlab\bin\Koopman\datan2\2024\54161099999_LONGJIA_CHINA_(125.680786,43.996419).csv"
"D:\matlab\bin\Koopman\datan2\2024\54161199999_TAIPING_CHINA_(126.250328,45.623403).csv"
"D:\matlab\bin\Koopman\datan2\2024\54186099999_DUNHUA_CHINA_(128.2,43.3666666).csv"
"D:\matlab\bin\Koopman\datan2\2024\54208099999_DUOLUN_CHINA_(116.4666666,42.1833333).csv"
"D:\matlab\bin\Koopman\datan2\2024\54218099999_CHIFENG_CHINA_(118.8333333,42.3).csv"
"D:\matlab\bin\Koopman\datan2\2024\54226099999_BUGT_CHINA_(120.7,42.3333333).csv"
"D:\matlab\bin\Koopman\datan2\2024\54236099999_ZHANGWU_CHINA_(122.5333333,42.4166666).csv"
"D:\matlab\bin\Koopman\datan2\2024\54259099999_QINGYUAN_CHINA_(124.8666666,42.0666666).csv"
"D:\matlab\bin\Koopman\datan2\2024\54273099999_HUADIAN_CHINA_(126.75,42.9833333).csv"
"D:\matlab\bin\Koopman\datan2\2024\54292099999_YANJI_CHINA_(129.5,42.8833333).csv"
"D:\matlab\bin\Koopman\datan2\2024\54308099999_FENGNING_CHINA_(116.6333333,41.2).csv"
"D:\matlab\bin\Koopman\datan2\2024\54311099999_WEICHANG_CHINA_(117.75,41.9333333).csv"
"D:\matlab\bin\Koopman\datan2\2024\54324099999_CHAOYANG_CHINA_(120.45,41.55).csv"
"D:\matlab\bin\Koopman\datan2\2024\54337099999_JINZHOU_CHINA_(121.1166666,41.1333333).csv"
"D:\matlab\bin\Koopman\datan2\2024\54342099999_SHENYANG_CHINA_(123.5166666,41.7333333).csv"
"D:\matlab\bin\Koopman\datan2\2024\54342499999_TAOXIAN_CHINA_(123.483425,41.639842).csv"
"D:\matlab\bin\Koopman\datan2\2024\54346099999_BENXI_CHINA_(123.7833333,41.3166666).csv"
"D:\matlab\bin\Koopman\datan2\2024\54374099999_LINJIANG_CHINA_(126.9166666,41.8).csv"
"D:\matlab\bin\Koopman\datan2\2024\54377099999_JI AN_CHINA_(126.2166666,41.15).csv"
"D:\matlab\bin\Koopman\datan2\2024\54386099999_CHANGBAI_CHINA_(128.1833333,41.4166666).csv"
"D:\matlab\bin\Koopman\datan2\2024\54401099999_ZHANGJIAKOU_CHINA_(114.8833333,40.7833333).csv"
"D:\matlab\bin\Koopman\datan2\2024\54405099999_HUAILAI_CHINA_(115.5,40.4166666).csv"
"D:\matlab\bin\Koopman\datan2\2024\54423099999_CHENGDE_CHINA_(117.9166666,40.9666666).csv"
"D:\matlab\bin\Koopman\datan2\2024\54436099999_QINGLONG_CHINA_(118.95,40.4).csv"
"D:\matlab\bin\Koopman\datan2\2024\54471099999_YINGKOU_CHINA_(122.2,40.6666666).csv"
"D:\matlab\bin\Koopman\datan2\2024\54493099999_KUANDIAN_CHINA_(124.7833333,40.7166666).csv"
"D:\matlab\bin\Koopman\datan2\2024\54497099999_DANDONG_CHINA_(124.3333333,40.05).csv"
"D:\matlab\bin\Koopman\datan2\2024\54511099999_BEIJING CAPITAL INTERNATIONAL AIRPORT_CHINA_(116.584556,40.080111).csv"
"D:\matlab\bin\Koopman\datan2\2024\54527099999_TIANJIN_CHINA_(117.1666666,39.1).csv"
"D:\matlab\bin\Koopman\datan2\2024\54527399999_BINHAI_CHINA_(117.346183,39.124353).csv"
"D:\matlab\bin\Koopman\datan2\2024\54534099999_TANGSHAN_CHINA_(118.1,39.65).csv"
"D:\matlab\bin\Koopman\datan2\2024\54539099999_LETING_CHINA_(118.9,39.4333333).csv"
"D:\matlab\bin\Koopman\datan2\2024\54602099999_BAODING_CHINA_(115.4833333,38.7333333).csv"
"D:\matlab\bin\Koopman\datan2\2024\54618099999_POTOU_CHINA_(116.55,38.0833333).csv"
"D:\matlab\bin\Koopman\datan2\2024\54662099999_ZHOUSHUIZI_CHINA_(121.5386,38.965667).csv"
"D:\matlab\bin\Koopman\datan2\2024\54715099999_LINGXIAN_CHINA_(116.5666666,37.3333333).csv"
"D:\matlab\bin\Koopman\datan2\2024\54725099999_HUIMIN_CHINA_(117.5333333,37.5).csv"
"D:\matlab\bin\Koopman\datan2\2024\54751099999_CHANG DAO_CHINA_(120.7166666,37.9333333).csv"
"D:\matlab\bin\Koopman\datan2\2024\54753099999_LONGKOU_CHINA_(120.3166666,37.6166666).csv"
"D:\matlab\bin\Koopman\datan2\2024\54776099999_CHENGSHANTOU_CHINA_(122.6833333,37.4).csv"
"D:\matlab\bin\Koopman\datan2\2024\54808099999_XINXIAN_CHINA_(115.6666666,36.2333333).csv"
"D:\matlab\bin\Koopman\datan2\2024\54823099999_JINAN TSINAN_CHINA_(116.9833333,36.6833333).csv"
"D:\matlab\bin\Koopman\datan2\2024\54826099999_TAI SHAN_CHINA_(117.1,36.25).csv"
"D:\matlab\bin\Koopman\datan2\2024\54836099999_YIYUAN_CHINA_(118.15,36.1833333).csv"
"D:\matlab\bin\Koopman\datan2\2024\54843099999_WEIFANG_CHINA_(119.1833333,36.7666666).csv"
"D:\matlab\bin\Koopman\datan2\2024\54857099999_LIUTING_CHINA_(120.374436,36.266108).csv"
"D:\matlab\bin\Koopman\datan2\2024\54863099999_HAIYANG_CHINA_(121.1666666,36.7666666).csv"
"D:\matlab\bin\Koopman\datan2\2024\54909099999_DINGTAO_CHINA_(115.5166666,35.0833333).csv"
"D:\matlab\bin\Koopman\datan2\2024\54916099999_YANZHOU_CHINA_(116.85,35.5666666).csv"
"D:\matlab\bin\Koopman\datan2\2024\54929099999_FEZXZAN_CHINA_(117.95,35.25).csv"
"D:\matlab\bin\Koopman\datan2\2024\54945099999_RIZHAO_CHINA_(119.5333333,35.4333333).csv"
"D:\matlab\bin\Koopman\datan2\2024\55228099999_SHIQUANHE_CHINA_(80.0833333,32.5).csv"
"D:\matlab\bin\Koopman\datan2\2024\55299099999_NAGQU_CHINA_(92.0666666,31.4833333).csv"
"D:\matlab\bin\Koopman\datan2\2024\55578099999_XIGAZE_CHINA_(88.8833333,29.25).csv"
"D:\matlab\bin\Koopman\datan2\2024\55591099999_LHASA_CHINA_(91.1333333,29.6666667).csv"
"D:\matlab\bin\Koopman\datan2\2024\55664099999_TINGRI_CHINA_(87.0833333,28.6333333).csv"
"D:\matlab\bin\Koopman\datan2\2024\55773099999_PAGRI_CHINA_(89.0833333,27.7333333).csv"
"D:\matlab\bin\Koopman\datan2\2024\56004099999_TUOTUOHE_CHINA_(92.4333333,34.2166666).csv"
"D:\matlab\bin\Koopman\datan2\2024\56018099999_ZADOI_CHINA_(95.3,32.9).csv"
"D:\matlab\bin\Koopman\datan2\2024\56021099999_QUMARLEB_CHINA_(95.7833333,34.1333333).csv"
"D:\matlab\bin\Koopman\datan2\2024\56029099999_YUSHU_CHINA_(96.95,33.0166666).csv"
"D:\matlab\bin\Koopman\datan2\2024\56033099999_MADOI_CHINA_(98.2166666,34.9166666).csv"
"D:\matlab\bin\Koopman\datan2\2024\56046099999_DARLAG_CHINA_(99.65,33.75).csv"
"D:\matlab\bin\Koopman\datan2\2024\56065099999_HENAN_CHINA_(101.6,34.7333333).csv"
"D:\matlab\bin\Koopman\datan2\2024\56079099999_RUO ERGAI_CHINA_(102.9666666,33.5833333).csv"
"D:\matlab\bin\Koopman\datan2\2024\56080099999_HEZUO_CHINA_(102.9,35.0).csv"
"D:\matlab\bin\Koopman\datan2\2024\56096099999_WUDU_CHINA_(104.9166666,33.4).csv"
"D:\matlab\bin\Koopman\datan2\2024\56116099999_DENGQEN_CHINA_(95.6,31.4166666).csv"
"D:\matlab\bin\Koopman\datan2\2024\56137099999_QAMDO_CHINA_(97.1666666,31.15).csv"
"D:\matlab\bin\Koopman\datan2\2024\56144099999_DEGE_CHINA_(98.5666666,31.7333333).csv"
"D:\matlab\bin\Koopman\datan2\2024\56146099999_GARZE_CHINA_(100.0,31.6166666).csv"
"D:\matlab\bin\Koopman\datan2\2024\56152099999_SERTAR_CHINA_(100.3333333,32.2833333).csv"
"D:\matlab\bin\Koopman\datan2\2024\56167099999_DAWU_CHINA_(101.1166666,30.9833333).csv"
"D:\matlab\bin\Koopman\datan2\2024\56172099999_BARKAM_CHINA_(102.2333333,31.9).csv"
"D:\matlab\bin\Koopman\datan2\2024\56182099999_SONGPAN_CHINA_(103.6,32.6666666).csv"
"D:\matlab\bin\Koopman\datan2\2024\56187099999_WENJIANG_CHINA_(103.8666666,30.75).csv"
"D:\matlab\bin\Koopman\datan2\2024\56196099999_MIANYANG_CHINA_(104.7333333,31.45).csv"
"D:\matlab\bin\Koopman\datan2\2024\56247099999_BATANG_CHINA_(99.1,30.0).csv"
"D:\matlab\bin\Koopman\datan2\2024\56257099999_LITANG_CHINA_(100.2666666,30.0).csv"
"D:\matlab\bin\Koopman\datan2\2024\56287099999_YA AN_CHINA_(103.0,29.9833333).csv"
"D:\matlab\bin\Koopman\datan2\2024\56294099999_SHUANGLIU_CHINA_(103.947086,30.578528).csv"
"D:\matlab\bin\Koopman\datan2\2024\56312099999_NYINGCHI_CHINA_(94.4666666,29.5666666).csv"
"D:\matlab\bin\Koopman\datan2\2024\56357099999_DAOCHENG_CHINA_(100.3,29.05).csv"
"D:\matlab\bin\Koopman\datan2\2024\56374099999_KANGDING_CHINA_(101.9666666,30.05).csv"
"D:\matlab\bin\Koopman\datan2\2024\56385099999_EMEI SHAN_CHINA_(103.3333333,29.5166666).csv"
"D:\matlab\bin\Koopman\datan2\2024\56444099999_DEQEN_CHINA_(98.8833333,28.45).csv"
"D:\matlab\bin\Koopman\datan2\2024\56462099999_JIULONG_CHINA_(101.5,29.0).csv"
"D:\matlab\bin\Koopman\datan2\2024\56492099999_YIBIN_CHINA_(104.6,28.8).csv"
"D:\matlab\bin\Koopman\datan2\2024\56571099999_XICHANG_CHINA_(102.2666667,27.9).csv"
"D:\matlab\bin\Koopman\datan2\2024\56586099999_ZHAOTONG_CHINA_(103.75,27.3333333).csv"
"D:\matlab\bin\Koopman\datan2\2024\56651099999_LIJING_CHINA_(100.2166667,26.8333333).csv"
"D:\matlab\bin\Koopman\datan2\2024\56671099999_HUILI_CHINA_(102.25,26.65).csv"
"D:\matlab\bin\Koopman\datan2\2024\56684099999_HUIZE_CHINA_(103.25,26.4).csv"
"D:\matlab\bin\Koopman\datan2\2024\56691099999_WEINING_CHINA_(104.2833333,26.8666666).csv"
"D:\matlab\bin\Koopman\datan2\2024\56739099999_TENGCHONG_CHINA_(98.5,24.9833333).csv"
"D:\matlab\bin\Koopman\datan2\2024\56748099999_BAOSHAN_CHINA_(99.1833333,25.1166666).csv"
"D:\matlab\bin\Koopman\datan2\2024\56751099999_DALI_CHINA_(100.1833333,25.7).csv"
"D:\matlab\bin\Koopman\datan2\2024\56778099999_WUJIABA_CHINA_(102.743536,24.992364).csv"
"D:\matlab\bin\Koopman\datan2\2024\56786099999_ZHANYI_CHINA_(103.8333333,25.5833333).csv"
"D:\matlab\bin\Koopman\datan2\2024\56838099999_RUILI_CHINA_(97.85,24.0).csv"
"D:\matlab\bin\Koopman\datan2\2024\56886099999_LUXI_CHINA_(103.7666666,24.5333333).csv"
"D:\matlab\bin\Koopman\datan2\2024\56946099999_GENGMA_CHINA_(99.4,23.55).csv"
"D:\matlab\bin\Koopman\datan2\2024\56951099999_LINCANG_CHINA_(100.2166666,23.95).csv"
"D:\matlab\bin\Koopman\datan2\2024\56954099999_LANCANG_CHINA_(99.9333333,22.5666666).csv"
"D:\matlab\bin\Koopman\datan2\2024\56959099999_JINGHONG_CHINA_(100.7833333,22.0).csv"
"D:\matlab\bin\Koopman\datan2\2024\56964099999_SIMAO_CHINA_(100.9833333,22.7666666).csv"
"D:\matlab\bin\Koopman\datan2\2024\56966099999_YUANJIANG_CHINA_(101.9833333,23.6).csv"
"D:\matlab\bin\Koopman\datan2\2024\56969099999_MENGLA_CHINA_(101.5833333,21.5).csv"
"D:\matlab\bin\Koopman\datan2\2024\56977099999_JIANGCHENG_CHINA_(101.8166666,22.6166666).csv"
"D:\matlab\bin\Koopman\datan2\2024\56985099999_MENGZI_CHINA_(103.3333333,23.45).csv"
"D:\matlab\bin\Koopman\datan2\2024\57014099999_BEIDAO_CHINA_(105.87,34.57).csv"
"D:\matlab\bin\Koopman\datan2\2024\57025099999_FENGXIANG_CHINA_(107.3833333,34.5166666).csv"
"D:\matlab\bin\Koopman\datan2\2024\57036099999_XIANYANG_CHINA_(108.751592,34.447119).csv"
"D:\matlab\bin\Koopman\datan2\2024\57046099999_HUA SHAN_CHINA_(110.0833333,34.4833333).csv"
"D:\matlab\bin\Koopman\datan2\2024\57067099999_LUSHI_CHINA_(111.0666666,34.0833333).csv"
"D:\matlab\bin\Koopman\datan2\2024\57071099999_MENGJIN_CHINA_(112.4333333,34.8166666).csv"
"D:\matlab\bin\Koopman\datan2\2024\57083099999_XINZHENG_CHINA_(113.840889,34.519672).csv"
"D:\matlab\bin\Koopman\datan2\2024\57127099999_HANZHONG_CHINA_(107.0333333,33.0666666).csv"
"D:\matlab\bin\Koopman\datan2\2024\57131099999_JINGHE_CHINA_(108.9666666,34.4333333).csv"
"D:\matlab\bin\Koopman\datan2\2024\57178099999_NANYANG_CHINA_(112.4833333,33.1).csv"
"D:\matlab\bin\Koopman\datan2\2024\57193099999_XIHUA_CHINA_(114.5166666,33.7833333).csv"
"D:\matlab\bin\Koopman\datan2\2024\57237099999_WANYUAN_CHINA_(108.0333333,32.0666666).csv"
"D:\matlab\bin\Koopman\datan2\2024\57245099999_ANKANG_CHINA_(109.0333333,32.7166666).csv"
"D:\matlab\bin\Koopman\datan2\2024\57259099999_FANGXIAN_CHINA_(110.7666666,32.0333333).csv"
"D:\matlab\bin\Koopman\datan2\2024\57265099999_LAOHEKOU_CHINA_(111.7333333,32.4333333).csv"
"D:\matlab\bin\Koopman\datan2\2024\57279099999_ZAOYANG_CHINA_(112.6666666,32.15).csv"
"D:\matlab\bin\Koopman\datan2\2024\57290099999_ZHUMADIAN_CHINA_(113.9166666,32.9333333).csv"
"D:\matlab\bin\Koopman\datan2\2024\57297099999_XINYANG_CHINA_(114.05,32.1333333).csv"
"D:\matlab\bin\Koopman\datan2\2024\57306099999_LANGZHONG_CHINA_(105.9666666,31.5833333).csv"
"D:\matlab\bin\Koopman\datan2\2024\57328099999_DA XIAN_CHINA_(107.5,31.2).csv"
"D:\matlab\bin\Koopman\datan2\2024\57348099999_FENGJIE_CHINA_(109.5333333,31.0166666).csv"
"D:\matlab\bin\Koopman\datan2\2024\57378099999_ZHONGXIANG_CHINA_(112.6333333,31.1666666).csv"
"D:\matlab\bin\Koopman\datan2\2024\57399099999_MACHENG_CHINA_(114.95,31.1333333).csv"
"D:\matlab\bin\Koopman\datan2\2024\57411099999_GAOPING_CHINA_(106.1333333,30.75).csv"
"D:\matlab\bin\Koopman\datan2\2024\57426099999_LIANGPING_CHINA_(107.8,30.6833333).csv"
"D:\matlab\bin\Koopman\datan2\2024\57447099999_ENSHI_CHINA_(109.4666666,30.2833333).csv"
"D:\matlab\bin\Koopman\datan2\2024\57461099999_YICHANG_CHINA_(111.3666666,30.7333333).csv"
"D:\matlab\bin\Koopman\datan2\2024\57476099999_JIANGLING_CHINA_(112.1833333,30.3333333).csv"
"D:\matlab\bin\Koopman\datan2\2024\57494099999_TIANHE_CHINA_(114.2081,30.783758).csv"
"D:\matlab\bin\Koopman\datan2\2024\57494199999_SANYA PHOENIX INTERNATIONAL_CHINA_(109.412269,18.302892).csv"
"D:\matlab\bin\Koopman\datan2\2024\57503099999_NEIJIANG_CHINA_(105.1166666,29.6166666).csv"
"D:\matlab\bin\Koopman\datan2\2024\57516099999_JIANGBEI_CHINA_(106.641678,29.719217).csv"
"D:\matlab\bin\Koopman\datan2\2024\57554099999_SANGZHI_CHINA_(110.1666666,29.4).csv"
"D:\matlab\bin\Koopman\datan2\2024\57584099999_YUEYANG_CHINA_(113.0833333,29.3833333).csv"
"D:\matlab\bin\Koopman\datan2\2024\57598099999_XIUSHUI_CHINA_(114.5833333,29.0333333).csv"
"D:\matlab\bin\Koopman\datan2\2024\57604099999_NAXI_CHINA_(105.3833333,28.7833333).csv"
"D:\matlab\bin\Koopman\datan2\2024\57633099999_YOUYANG_CHINA_(108.7666666,28.8333333).csv"
"D:\matlab\bin\Koopman\datan2\2024\57655099999_YUANLING_CHINA_(110.4,28.4666666).csv"
"D:\matlab\bin\Koopman\datan2\2024\57662099999_CHANGDE_CHINA_(111.6833333,29.05).csv"
"D:\matlab\bin\Koopman\datan2\2024\57687099999_CHANGSHA_CHINA_(112.7833333,28.1166666).csv"
"D:\matlab\bin\Koopman\datan2\2024\57707099999_BIJIE_CHINA_(105.2333333,27.3).csv"
"D:\matlab\bin\Koopman\datan2\2024\57712099999_HUICHUAN_CHINA_(106.95,27.7333333).csv"
"D:\matlab\bin\Koopman\datan2\2024\57731099999_SINAN_CHINA_(108.25,27.95).csv"
"D:\matlab\bin\Koopman\datan2\2024\57745099999_ZHIJIANG_CHINA_(109.6833333,27.45).csv"
"D:\matlab\bin\Koopman\datan2\2024\57766099999_SHAOYANG_CHINA_(111.45,27.1833333).csv"
"D:\matlab\bin\Koopman\datan2\2024\57776099999_NANYUE_CHINA_(112.7,27.3).csv"
"D:\matlab\bin\Koopman\datan2\2024\57793099999_YICHUN_CHINA_(114.3833333,27.8).csv"
"D:\matlab\bin\Koopman\datan2\2024\57799099999_JI AN_CHINA_(114.9666666,27.1166666).csv"
"D:\matlab\bin\Koopman\datan2\2024\57816099999_LONGDONGBAO_CHINA_(106.800703,26.538522).csv"
"D:\matlab\bin\Koopman\datan2\2024\57832099999_SANSUI_CHINA_(108.6666666,26.9666666).csv"
"D:\matlab\bin\Koopman\datan2\2024\57845099999_TONGDAO_CHINA_(109.7833333,26.1666666).csv"
"D:\matlab\bin\Koopman\datan2\2024\57853099999_WUGANG_CHINA_(110.6333333,26.7333333).csv"
"D:\matlab\bin\Koopman\datan2\2024\57866099999_LINGLING_CHINA_(111.6166666,26.2333333).csv"
"D:\matlab\bin\Koopman\datan2\2024\57902099999_XINGREN_CHINA_(105.1833333,25.4333333).csv"
"D:\matlab\bin\Koopman\datan2\2024\57916099999_LUODIAN_CHINA_(106.7666666,25.4333333).csv"
"D:\matlab\bin\Koopman\datan2\2024\57922099999_DUSHAN_CHINA_(107.55,25.8333333).csv"
"D:\matlab\bin\Koopman\datan2\2024\57932099999_RONGJIANG_CHINA_(108.5333333,25.9666666).csv"
"D:\matlab\bin\Koopman\datan2\2024\57957099999_LIANGJIANG_CHINA_(110.039197,25.218106).csv"
"D:\matlab\bin\Koopman\datan2\2024\57972099999_CHENZHOU_CHINA_(112.9666666,25.7333333).csv"
"D:\matlab\bin\Koopman\datan2\2024\57993099999_GANZHOU_CHINA_(114.95,25.85).csv"
"D:\matlab\bin\Koopman\datan2\2024\57993199999_YAOQIANG_CHINA_(117.215994,36.856561).csv"
"D:\matlab\bin\Koopman\datan2\2024\58027099999_XUZHOU_CHINA_(117.15,34.2833333).csv"
"D:\matlab\bin\Koopman\datan2\2024\58040099999_GANYU_CHINA_(119.1333333,34.85).csv"
"D:\matlab\bin\Koopman\datan2\2024\58102099999_BOXIAN_CHINA_(115.7333333,33.7833333).csv"
"D:\matlab\bin\Koopman\datan2\2024\58141099999_HUAIYIN_CHINA_(118.9333333,33.6333333).csv"
"D:\matlab\bin\Koopman\datan2\2024\58150099999_SHEYANG_CHINA_(120.3,33.75).csv"
"D:\matlab\bin\Koopman\datan2\2024\58203099999_FUYANG_CHINA_(115.7333333,32.8666666).csv"
"D:\matlab\bin\Koopman\datan2\2024\58208099999_GUSHI_CHINA_(115.6166666,32.1666666).csv"
"D:\matlab\bin\Koopman\datan2\2024\58221099999_BENGBU_CHINA_(117.3,32.85).csv"
"D:\matlab\bin\Koopman\datan2\2024\58238099999_LUKOU_CHINA_(118.862025,31.742042).csv"
"D:\matlab\bin\Koopman\datan2\2024\58239099999_LISHE_CHINA_(121.465069,29.824944).csv"
"D:\matlab\bin\Koopman\datan2\2024\58251099999_DONGTAI_CHINA_(120.2833333,32.85).csv"
"D:\matlab\bin\Koopman\datan2\2024\58265099999_LUSI_CHINA_(121.6,32.0666666).csv"
"D:\matlab\bin\Koopman\datan2\2024\58314099999_HUOSHAN_CHINA_(116.3333333,31.4).csv"
"D:\matlab\bin\Koopman\datan2\2024\58321099999_LUOGANG_CHINA_(117.298436,31.780019).csv"
"D:\matlab\bin\Koopman\datan2\2024\58321199999_PUDONG_CHINA_(121.805214,31.143378).csv"
"D:\matlab\bin\Koopman\datan2\2024\58338099999_WUHUXIAN_CHINA_(118.5833333,31.15).csv"
"D:\matlab\bin\Koopman\datan2\2024\58345099999_LIYANG_CHINA_(119.4833333,31.4333333).csv"
"D:\matlab\bin\Koopman\datan2\2024\58362099999_SHANGHAI_CHINA_(121.4666666,31.4).csv"
"D:\matlab\bin\Koopman\datan2\2024\58367099999_HONGQIAO INTERNATIONAL_CHINA_(121.336319,31.197875).csv"
"D:\matlab\bin\Koopman\datan2\2024\58424099999_ANQING_CHINA_(116.9666667,30.6166666).csv"
"D:\matlab\bin\Koopman\datan2\2024\58437099999_HUANG SHAN_CHINA_(118.15,30.1333333).csv"
"D:\matlab\bin\Koopman\datan2\2024\58457099999_XIAOSHAN_CHINA_(120.431667,30.228333).csv"
"D:\matlab\bin\Koopman\datan2\2024\58472099999_SHENGSI_CHINA_(122.45,30.7333333).csv"
"D:\matlab\bin\Koopman\datan2\2024\58477099999_DINGHAI_CHINA_(122.1166666,30.0333333).csv"
"D:\matlab\bin\Koopman\datan2\2024\58506099999_LU SHAN_CHINA_(115.9833333,29.5833333).csv"
"D:\matlab\bin\Koopman\datan2\2024\58527099999_JINGDEZHEN_CHINA_(117.2,29.3).csv"
"D:\matlab\bin\Koopman\datan2\2024\58543099999_CHUN AN_CHINA_(119.0166666,29.6166666).csv"
"D:\matlab\bin\Koopman\datan2\2024\58556099999_SHENGXIAN_CHINA_(120.8166666,29.6).csv"
"D:\matlab\bin\Koopman\datan2\2024\58569099999_SHIPU_CHINA_(121.95,29.2).csv"
"D:\matlab\bin\Koopman\datan2\2024\58606099999_CHANGBEI INTERNATIONAL_CHINA_(115.9,28.865).csv"
"D:\matlab\bin\Koopman\datan2\2024\58633099999_QU XIAN_CHINA_(118.8666666,28.9666666).csv"
"D:\matlab\bin\Koopman\datan2\2024\58646099999_LISHUI_CHINA_(119.9166666,28.45).csv"
"D:\matlab\bin\Koopman\datan2\2024\58666099999_DACHEN DAO_CHINA_(121.8833333,28.45).csv"
"D:\matlab\bin\Koopman\datan2\2024\58715099999_NANCHENG_CHINA_(116.65,27.5833333).csv"
"D:\matlab\bin\Koopman\datan2\2024\58725099999_SHAOWU_CHINA_(117.4666667,27.3333333).csv"
"D:\matlab\bin\Koopman\datan2\2024\58730099999_WUYISHAN_CHINA_(118.0333333,27.7666666).csv"
"D:\matlab\bin\Koopman\datan2\2024\58731099999_PUCHENG_CHINA_(118.5333333,27.9166666).csv"
"D:\matlab\bin\Koopman\datan2\2024\58752099999_RUIAN_CHINA_(120.65,27.7833333).csv"
"D:\matlab\bin\Koopman\datan2\2024\58754099999_FUDING_CHINA_(120.2,27.3333333).csv"
"D:\matlab\bin\Koopman\datan2\2024\58813099999_GUANGCHANG_CHINA_(116.3333333,26.85).csv"
"D:\matlab\bin\Koopman\datan2\2024\58834099999_NANPING_CHINA_(118.15,26.6333333).csv"
"D:\matlab\bin\Koopman\datan2\2024\58847099999_FUZHOU_CHINA_(119.2833333,26.0833333).csv"
"D:\matlab\bin\Koopman\datan2\2024\58911099999_CHANGTING_CHINA_(116.3666666,25.85).csv"
"D:\matlab\bin\Koopman\datan2\2024\58921099999_YONG AN_CHINA_(117.37,25.95).csv"
"D:\matlab\bin\Koopman\datan2\2024\58926099999_ZHANG PING_CHINA_(117.4,25.3).csv"
"D:\matlab\bin\Koopman\datan2\2024\58931099999_JIUXIAN SHAN_CHINA_(118.1,25.7166666).csv"
"D:\matlab\bin\Koopman\datan2\2024\58944099999_PINGTAN_CHINA_(119.7833333,25.5166666).csv"
"D:\matlab\bin\Koopman\datan2\2024\58968099999_TAIBEI_CHINA_(121.5166666,25.0333333).csv"
"D:\matlab\bin\Koopman\datan2\2024\58974099999_PENGJIA YU_CHINA_(122.0666666,25.6333333).csv"
"D:\matlab\bin\Koopman\datan2\2024\59007099999_GUANGNAN_CHINA_(105.0666666,24.0666666).csv"
"D:\matlab\bin\Koopman\datan2\2024\59023099999_HECHI_CHINA_(108.05,24.7).csv"
"D:\matlab\bin\Koopman\datan2\2024\59046099999_LIUZHOU_CHINA_(109.4,24.35).csv"
"D:\matlab\bin\Koopman\datan2\2024\59058099999_MENGSHAN_CHINA_(110.5166666,24.2).csv"
"D:\matlab\bin\Koopman\datan2\2024\59072099999_LIANZHOU_CHINA_(112.3666666,24.8).csv"
"D:\matlab\bin\Koopman\datan2\2024\59082099999_SHAOGUAN_CHINA_(113.6,24.6666666).csv"
"D:\matlab\bin\Koopman\datan2\2024\59087099999_FOGANG_CHINA_(113.5166666,23.8833333).csv"
"D:\matlab\bin\Koopman\datan2\2024\59096099999_LIANPING_CHINA_(114.4833333,24.3666666).csv"
"D:\matlab\bin\Koopman\datan2\2024\59102099999_XUNWU_CHINA_(115.65,24.95).csv"
"D:\matlab\bin\Koopman\datan2\2024\59117099999_MEI XIAN_CHINA_(116.0666666,24.2833333).csv"
"D:\matlab\bin\Koopman\datan2\2024\59134099999_GAOQI_CHINA_(118.127739,24.544036).csv"
"D:\matlab\bin\Koopman\datan2\2024\59158099999_TAIZHONG_CHINA_(120.6833333,24.15).csv"
"D:\matlab\bin\Koopman\datan2\2024\59209099999_NAPO_CHINA_(105.95,23.3).csv"
"D:\matlab\bin\Koopman\datan2\2024\59211099999_BAISE_CHINA_(106.6,23.9).csv"
"D:\matlab\bin\Koopman\datan2\2024\59254099999_GUIPING_CHINA_(110.0833333,23.4).csv"
"D:\matlab\bin\Koopman\datan2\2024\59265099999_WUZHOU_CHINA_(111.3,23.4833333).csv"
"D:\matlab\bin\Koopman\datan2\2024\59278099999_GAOYAO_CHINA_(112.4666666,23.05).csv"
"D:\matlab\bin\Koopman\datan2\2024\59287099999_BAIYUN INTERNATIONAL_CHINA_(113.298786,23.392436).csv"
"D:\matlab\bin\Koopman\datan2\2024\59287199999_HUANGHUA_CHINA_(113.219633,28.189158).csv"
"D:\matlab\bin\Koopman\datan2\2024\59293099999_HEYUAN_CHINA_(114.7333333,23.8).csv"
"D:\matlab\bin\Koopman\datan2\2024\59316099999_SHANTOU_CHINA_(116.6833333,23.4).csv"
"D:\matlab\bin\Koopman\datan2\2024\59358099999_TAINAN_CHINA_(120.2166666,23.0).csv"
"D:\matlab\bin\Koopman\datan2\2024\59417099999_LONGZHOU_CHINA_(106.75,22.3666666).csv"
"D:\matlab\bin\Koopman\datan2\2024\59431099999_WUXU_CHINA_(108.172442,22.608267).csv"
"D:\matlab\bin\Koopman\datan2\2024\59456099999_XINYI_CHINA_(110.9333333,22.35).csv"
"D:\matlab\bin\Koopman\datan2\2024\59493099999_BAOAN INTERNATIONAL_CHINA_(113.810664,22.639258).csv"
"D:\matlab\bin\Koopman\datan2\2024\59501099999_SHANWEI_CHINA_(115.3666666,22.7833333).csv"
"D:\matlab\bin\Koopman\datan2\2024\59559099999_HENGCHUN_CHINA_(120.75,22.0).csv"
"D:\matlab\bin\Koopman\datan2\2024\59562099999_TAIDONG_CHINA_(121.15,22.75).csv"
"D:\matlab\bin\Koopman\datan2\2024\59567099999_LAN YU_CHINA_(121.55,22.0333333).csv"
"D:\matlab\bin\Koopman\datan2\2024\59632099999_QINZHOU_CHINA_(108.6166666,21.95).csv"
"D:\matlab\bin\Koopman\datan2\2024\59644099999_BEIHAI_CHINA_(109.1,21.4833333).csv"
"D:\matlab\bin\Koopman\datan2\2024\59658099999_ZHANJIANG_CHINA_(110.3,21.15).csv"
"D:\matlab\bin\Koopman\datan2\2024\59663099999_YANGJIANG_CHINA_(111.9666666,21.8666666).csv"
"D:\matlab\bin\Koopman\datan2\2024\59673099999_SHANGCHUAN DAO_CHINA_(112.7666666,21.7333333).csv"
"D:\matlab\bin\Koopman\datan2\2024\59758099999_HAIKOU_CHINA_(110.25,20.0).csv"
"D:\matlab\bin\Koopman\datan2\2024\59792099999_DONGSHA DAO_CHINA_(116.7166666,20.6666666).csv"
"D:\matlab\bin\Koopman\datan2\2024\59838099999_DONGFANG_CHINA_(108.6166666,19.1).csv"
"D:\matlab\bin\Koopman\datan2\2024\59845099999_DANXIAN_CHINA_(109.5833333,19.5166666).csv"
"D:\matlab\bin\Koopman\datan2\2024\59855099999_QIONGHAI_CHINA_(110.4666666,19.2333333).csv"
"D:\matlab\bin\Koopman\datan2\2024\59948099999_SANYA_CHINA_(109.5833333,18.2166666).csv"
"D:\matlab\bin\Koopman\datan2\2024\59981099999_XISHA DAO_CHINA_(112.3333333,16.8333333).csv"
"D:\matlab\bin\Koopman\datan2\2024\59985099999_SANHU DAO_CHINA_(111.6166666,16.5333333).csv"
"D:\matlab\bin\Koopman\datan2\2024\59997099999_NANSHA DAO_CHINA_(114.3666666,10.3833333).csv"
"D:\matlab\bin\Koopman\datan2\2024\2024\45032099999_TA KWU LING_CHINA_(114.15,22.5333333).csv"
"D:\matlab\bin\Koopman\datan2\2024\2024\45035099999_LAU FAU SHAN_CHINA_(113.9833333,22.4666666).csv"
"D:\matlab\bin\Koopman\datan2\2024\2024\45039099999_SHA TIN_CHINA_(114.2,22.4).csv"
"D:\matlab\bin\Koopman\datan2\2024\2024\45044099999_CHEUNG CHAU_CHINA_(114.0166666,22.2).csv"
"D:\matlab\bin\Koopman\datan2\2024\2024\45045099999_WAGLAN ISLAND_CHINA_(114.3,22.1833333).csv"
"D:\matlab\bin\Koopman\datan2\2024\2024\46686099999_CHIANG KAI SHEK INTERNATIONAL_CHINA TAIWAN_(121.232822,25.077731).csv"
"D:\matlab\bin\Koopman\datan2\2024\2024\46696099999_SUNGSHAN_CHINA TAIWAN_(121.551667,25.069444).csv"
"D:\matlab\bin\Koopman\datan2\2024\2024\46740099999_KAOHSIUNG INTERNATIONAL_CHINA TAIWAN_(120.350006,22.577094).csv"
"D:\matlab\bin\Koopman\datan2\2024\2024\46740399999_FENGNIN_CHINA TAIWAN_(121.101681,22.754986).csv"
"D:\matlab\bin\Koopman\datan2\2024\2024\46743099999_TAINAN_CHINA TAIWAN_(120.205778,22.950361).csv"
"D:\matlab\bin\Koopman\datan2\2024\2024\46770099999_CHING CHUAN KANG AB_CHINA TAIWAN_(120.62058,24.264668).csv"
"D:\matlab\bin\Koopman\datan2\2024\2024\47031199999_MEILAN_CHINA_(110.458961,19.934856).csv"
"D:\matlab\bin\Koopman\datan2\2024\2024\47031299999_ZHENGDING_CHINA_(114.6973,38.280686).csv"
"D:\matlab\bin\Koopman\datan2\2024\2024\50136099999_MOHE_CHINA_(122.5333333,52.9666666).csv"
"D:\matlab\bin\Koopman\datan2\2024\2024\50353099999_HUMA_CHINA_(126.6333333,51.7333333).csv"
"D:\matlab\bin\Koopman\datan2\2024\2024\50434099999_TULIHE_CHINA_(121.7,50.45).csv"
"D:\matlab\bin\Koopman\datan2\2024\2024\50468099999_AIHUI_CHINA_(127.45,50.25).csv"
"D:\matlab\bin\Koopman\datan2\2024\2024\50527099999_HAILAR_CHINA_(119.7,49.25).csv"
"D:\matlab\bin\Koopman\datan2\2024\2024\50548099999_XIAO ERGOU_CHINA_(123.7166666,49.2).csv"
"D:\matlab\bin\Koopman\datan2\2024\2024\50557099999_NENJIANG_CHINA_(125.2333333,49.1666666).csv"
"D:\matlab\bin\Koopman\datan2\2024\2024\50564099999_SUNWU_CHINA_(127.35,49.4333333).csv"
"D:\matlab\bin\Koopman\datan2\2024\2024\50603099999_XIN BARAG YOUQI_CHINA_(116.8166666,48.6833333).csv"
"D:\matlab\bin\Koopman\datan2\2024\2024\50632099999_BUGT_CHINA_(121.9166666,48.7666666).csv"
"D:\matlab\bin\Koopman\datan2\2024\2024\50658099999_KESHAN_CHINA_(125.8833333,48.05).csv"
"D:\matlab\bin\Koopman\datan2\2024\2024\50727099999_ARXAN_CHINA_(119.9333333,47.1666666).csv"
"D:\matlab\bin\Koopman\datan2\2024\2024\50745099999_SANJIAZI_CHINA_(123.918131,47.239628).csv"
"D:\matlab\bin\Koopman\datan2\2024\2024\50756099999_HAILUN_CHINA_(126.8666666,47.45).csv"
"D:\matlab\bin\Koopman\datan2\2024\2024\50774099999_YICHUN_CHINA_(128.8333333,47.7).csv"
"D:\matlab\bin\Koopman\datan2\2024\2024\50788099999_FUJIN_CHINA_(131.9833333,47.2333333).csv"
"D:\matlab\bin\Koopman\datan2\2024\2024\50844099999_TAILAI_CHINA_(123.45,46.4).csv"
"D:\matlab\bin\Koopman\datan2\2024\2024\50854099999_ANDA_CHINA_(125.3166666,46.3833333).csv"
"D:\matlab\bin\Koopman\datan2\2024\2024\50888099999_BAOQING_CHINA_(132.1833333,46.3166666).csv"
"D:\matlab\bin\Koopman\datan2\2024\2024\50915099999_ULIASTAI_CHINA_(116.9666666,45.5166666).csv"
"D:\matlab\bin\Koopman\datan2\2024\2024\50949099999_QIAN GORLOS_CHINA_(124.8666666,45.0833333).csv"
"D:\matlab\bin\Koopman\datan2\2024\2024\50953099999_HARBIN_CHINA_(126.5666666,45.9333333).csv"
"D:\matlab\bin\Koopman\datan2\2024\2024\50963099999_TONGHE_CHINA_(128.7333333,45.9666666).csv"
"D:\matlab\bin\Koopman\datan2\2024\2024\50968099999_SHANGZHI_CHINA_(127.9666666,45.2166666).csv"
"D:\matlab\bin\Koopman\datan2\2024\2024\50978099999_JIXI_CHINA_(130.9166666,45.3).csv"
"D:\matlab\bin\Koopman\datan2\2024\2024\50983099999_HULIN_CHINA_(132.9666666,45.7666666).csv"
"D:\matlab\bin\Koopman\datan2\2024\2024\51053099999_KABA HE_CHINA_(86.35,48.05).csv"
"D:\matlab\bin\Koopman\datan2\2024\2024\51076099999_ALTAY_CHINA_(88.0833333,47.7333333).csv"
"D:\matlab\bin\Koopman\datan2\2024\2024\51087099999_FUYUN_CHINA_(89.5166666,46.9833333).csv"
"D:\matlab\bin\Koopman\datan2\2024\2024\51133099999_TACHENG_CHINA_(83.0,46.7333333).csv"
"D:\matlab\bin\Koopman\datan2\2024\2024\51156099999_HOBOKSAR_CHINA_(85.75,46.8166666).csv"
"D:\matlab\bin\Koopman\datan2\2024\2024\51243099999_KARAMAY_CHINA_(84.85,45.6166666).csv"
"D:\matlab\bin\Koopman\datan2\2024\2024\51334099999_JINGHE_CHINA_(82.8166666,44.5666666).csv"
"D:\matlab\bin\Koopman\datan2\2024\2024\51379099999_QITAI_CHINA_(89.5666666,44.0166666).csv"
"D:\matlab\bin\Koopman\datan2\2024\2024\51463099999_WU LU MU QI_CHINA_(87.6166666,43.7833333).csv"
"D:\matlab\bin\Koopman\datan2\2024\2024\51463599999_DIWOPU_CHINA_(87.474244,43.907106).csv"
"D:\matlab\bin\Koopman\datan2\2024\2024\51495099999_SHISANJIANFANG_CHINA_(91.7333333,43.2166666).csv"
"D:\matlab\bin\Koopman\datan2\2024\2024\51542099999_BAYANBULAK_CHINA_(84.15,43.0333333).csv"
"D:\matlab\bin\Koopman\datan2\2024\2024\51573099999_TURPAN_CHINA_(89.2297222,42.95).csv"
"D:\matlab\bin\Koopman\datan2\2024\2024\51644099999_KUQA_CHINA_(82.95,41.7166666).csv"
"D:\matlab\bin\Koopman\datan2\2024\2024\51656099999_KORLA_CHINA_(85.8166666,41.7333333).csv"
"D:\matlab\bin\Koopman\datan2\2024\2024\51709099999_KASHI_CHINA_(76.019956,39.542922).csv"
"D:\matlab\bin\Koopman\datan2\2024\2024\51711099999_AKQI_CHINA_(78.45,40.9333333).csv"
"D:\matlab\bin\Koopman\datan2\2024\2024\51716099999_BACHU_CHINA_(78.5666666,39.8).csv"
"D:\matlab\bin\Koopman\datan2\2024\2024\51730099999_ALAR_CHINA_(81.05,40.5).csv"
"D:\matlab\bin\Koopman\datan2\2024\2024\51747099999_TAZHONG_CHINA_(83.6666666,39.0).csv"
"D:\matlab\bin\Koopman\datan2\2024\2024\51765099999_TIKANLIK_CHINA_(87.7,40.6333333).csv"
"D:\matlab\bin\Koopman\datan2\2024\2024\51811099999_SHACHE_CHINA_(77.2666666,38.4333333).csv"
"D:\matlab\bin\Koopman\datan2\2024\2024\51818099999_PISHAN_CHINA_(78.2833333,37.6166666).csv"
"D:\matlab\bin\Koopman\datan2\2024\2024\51828099999_HOTAN_CHINA_(79.9333333,37.1333333).csv"
"D:\matlab\bin\Koopman\datan2\2024\2024\51886099999_MANGNAI_CHINA_(90.85,38.25).csv"
"D:\matlab\bin\Koopman\datan2\2024\2024\52112099999_NAOMAOHU_CHINA_(95.1333333,43.6).csv"
"D:\matlab\bin\Koopman\datan2\2024\2024\52203099999_HAMI_CHINA_(93.5166667,42.8166667).csv"
"D:\matlab\bin\Koopman\datan2\2024\2024\52323099999_MAZONG SHAN_CHINA_(97.0333333,41.8).csv"
"D:\matlab\bin\Koopman\datan2\2024\2024\52378099999_GUAIZIHU_CHINA_(102.3666666,41.3666666).csv"
"D:\matlab\bin\Koopman\datan2\2024\2024\52436099999_YUMENZHEN_CHINA_(97.0333333,40.2666666).csv"
"D:\matlab\bin\Koopman\datan2\2024\2024\52495099999_BAYAN MOD_CHINA_(104.5,40.75).csv"
"D:\matlab\bin\Koopman\datan2\2024\2024\52533099999_JIUQUAN SUZHOU_CHINA_(98.4833333,39.7666667).csv"
"D:\matlab\bin\Koopman\datan2\2024\2024\52533199999_ZHONGCHUAN_CHINA_(103.620078,36.515231).csv"
"D:\matlab\bin\Koopman\datan2\2024\2024\52602099999_LENGHU_CHINA_(93.3833333,38.8333333).csv"
"D:\matlab\bin\Koopman\datan2\2024\2024\52652099999_ZHANGYE_CHINA_(100.2833333,39.0833333).csv"
"D:\matlab\bin\Koopman\datan2\2024\2024\52681099999_MINQIN_CHINA_(103.0833333,38.6333333).csv"
"D:\matlab\bin\Koopman\datan2\2024\2024\52713099999_DA QAIDAM_CHINA_(95.3666666,37.85).csv"
"D:\matlab\bin\Koopman\datan2\2024\2024\52737099999_DELINGHA_CHINA_(97.3666666,37.3666666).csv"
"D:\matlab\bin\Koopman\datan2\2024\2024\52754099999_GANGCA_CHINA_(100.1333333,37.3333333).csv"
"D:\matlab\bin\Koopman\datan2\2024\2024\52787099999_WUSHAOLING_CHINA_(102.8666666,37.2).csv"
"D:\matlab\bin\Koopman\datan2\2024\2024\52818099999_GOLMUD_CHINA_(94.9,36.4166666).csv"
"D:\matlab\bin\Koopman\datan2\2024\2024\52836099999_DOULAN_CHINA_(98.1,36.3).csv"
"D:\matlab\bin\Koopman\datan2\2024\2024\52866099999_XINING_CHINA_(101.7666667,36.6166667).csv"
"D:\matlab\bin\Koopman\datan2\2024\2024\52908099999_WUDAOLIANG_CHINA_(93.0833333,35.2166666).csv"
"D:\matlab\bin\Koopman\datan2\2024\2024\52955099999_GUINAN_CHINA_(100.75,35.5833333).csv"
"D:\matlab\bin\Koopman\datan2\2024\2024\52983099999_YU ZHONG_CHINA_(104.15,35.8666666).csv"
"D:\matlab\bin\Koopman\datan2\2024\2024\52996099999_HUAJIALING_CHINA_(105.0,35.3833333).csv"
"D:\matlab\bin\Koopman\datan2\2024\2024\53068099999_ERENHOT_CHINA_(112.0,43.65).csv"
"D:\matlab\bin\Koopman\datan2\2024\2024\53083099999_NARAN BULAG_CHINA_(114.15,44.6166666).csv"
"D:\matlab\bin\Koopman\datan2\2024\2024\53149099999_MANDAL_CHINA_(110.1333333,42.5333333).csv"
"D:\matlab\bin\Koopman\datan2\2024\2024\53192099999_ABAG QI_CHINA_(115.0,44.0166666).csv"
"D:\matlab\bin\Koopman\datan2\2024\2024\53231099999_HAILS_CHINA_(106.3833333,41.45).csv"
"D:\matlab\bin\Koopman\datan2\2024\2024\53336099999_HALIUT_CHINA_(108.5166666,41.5666666).csv"
"D:\matlab\bin\Koopman\datan2\2024\2024\53352099999_BAILING MIAO_CHINA_(110.4333333,41.7).csv"
"D:\matlab\bin\Koopman\datan2\2024\2024\53391099999_HUADE_CHINA_(114.0,41.9).csv"
"D:\matlab\bin\Koopman\datan2\2024\2024\53463099999_BAITA_CHINA_(111.824103,40.851422).csv"
"D:\matlab\bin\Koopman\datan2\2024\2024\53480099999_JINING_CHINA_(113.0666666,41.0333333).csv"
"D:\matlab\bin\Koopman\datan2\2024\2024\53487099999_DATONG_CHINA_(113.4166666,40.0833333).csv"
"D:\matlab\bin\Koopman\datan2\2024\2024\53502099999_JARTAI_CHINA_(105.75,39.7833333).csv"
"D:\matlab\bin\Koopman\datan2\2024\2024\53513099999_LINHE_CHINA_(107.4,40.7666666).csv"
"D:\matlab\bin\Koopman\datan2\2024\2024\53529099999_OTOG QI_CHINA_(107.9833333,39.1).csv"
"D:\matlab\bin\Koopman\datan2\2024\2024\53543099999_DONGSHENG_CHINA_(109.9833333,39.8333333).csv"
"D:\matlab\bin\Koopman\datan2\2024\2024\53564099999_HEQU_CHINA_(111.2166666,39.3666666).csv"
"D:\matlab\bin\Koopman\datan2\2024\2024\53588099999_WUTAI SHAN_CHINA_(113.5166666,38.95).csv"
"D:\matlab\bin\Koopman\datan2\2024\2024\53593099999_YU XIAN_CHINA_(114.5666666,39.8333333).csv"
"D:\matlab\bin\Koopman\datan2\2024\2024\53614099999_YINCHUAN_CHINA_(106.2166667,38.4833333).csv"
"D:\matlab\bin\Koopman\datan2\2024\2024\53646099999_YULIN_CHINA_(109.7833333,38.2666666).csv"
"D:\matlab\bin\Koopman\datan2\2024\2024\53673099999_YUANPING_CHINA_(112.7,38.75).csv"
"D:\matlab\bin\Koopman\datan2\2024\2024\53698099999_SHIJIAZHUANG_CHINA_(114.35,38.0666666).csv"
"D:\matlab\bin\Koopman\datan2\2024\2024\53705099999_ZHONGNING_CHINA_(105.6833333,37.4833333).csv"
"D:\matlab\bin\Koopman\datan2\2024\2024\53723099999_YANCHI_CHINA_(107.3833333,37.8).csv"
"D:\matlab\bin\Koopman\datan2\2024\2024\53764099999_LISHI_CHINA_(111.1,37.5).csv"
"D:\matlab\bin\Koopman\datan2\2024\2024\53772099999_WUSU_CHINA_(112.628428,37.746897).csv"
"D:\matlab\bin\Koopman\datan2\2024\2024\53787099999_YUSHE_CHINA_(112.9833333,37.0666666).csv"
"D:\matlab\bin\Koopman\datan2\2024\2024\53798099999_XINGTAI_CHINA_(114.3666666,37.1833333).csv"
"D:\matlab\bin\Koopman\datan2\2024\2024\53845099999_YAN AN_CHINA_(109.5,36.6).csv"
"D:\matlab\bin\Koopman\datan2\2024\2024\53863099999_JIEXIU_CHINA_(111.9166666,37.0333333).csv"
"D:\matlab\bin\Koopman\datan2\2024\2024\53898099999_ANYANG_CHINA_(114.1333333,36.05).csv"
"D:\matlab\bin\Koopman\datan2\2024\2024\53915099999_PINGLIANG_CHINA_(106.6666666,35.55).csv"
"D:\matlab\bin\Koopman\datan2\2024\2024\53923099999_XIFENGZHEN_CHINA_(107.6333333,35.7333333).csv"
"D:\matlab\bin\Koopman\datan2\2024\2024\53959099999_YUNCHENG_CHINA_(111.0666666,35.1166666).csv"
"D:\matlab\bin\Koopman\datan2\2024\2024\53975099999_YANGCHENG_CHINA_(112.4,35.4833333).csv"
"D:\matlab\bin\Koopman\datan2\2024\2024\54012099999_XI UJIMQIN QI_CHINA_(117.6,44.5833333).csv"
"D:\matlab\bin\Koopman\datan2\2024\2024\54026099999_JARUD QI_CHINA_(120.9,44.5666666).csv"
"D:\matlab\bin\Koopman\datan2\2024\2024\54027099999_LINDONG_CHINA_(119.4,43.9833333).csv"
"D:\matlab\bin\Koopman\datan2\2024\2024\54049099999_CHANGLING_CHINA_(123.9666666,44.25).csv"
"D:\matlab\bin\Koopman\datan2\2024\2024\54094099999_MUDANJIANG_CHINA_(129.6666666,44.5).csv"
"D:\matlab\bin\Koopman\datan2\2024\2024\54096099999_SUIFENHE_CHINA_(131.15,44.3833333).csv"
"D:\matlab\bin\Koopman\datan2\2024\2024\54102099999_XILIN HOT_CHINA_(116.1166666,43.95).csv"
"D:\matlab\bin\Koopman\datan2\2024\2024\54115099999_LINXI_CHINA_(118.0333333,43.6333333).csv"
"D:\matlab\bin\Koopman\datan2\2024\2024\54135099999_TONGLIAO_CHINA_(122.2666666,43.6).csv"
"D:\matlab\bin\Koopman\datan2\2024\2024\54157099999_SIPING_CHINA_(124.3333333,43.1833333).csv"
"D:\matlab\bin\Koopman\datan2\2024\2024\54161099999_LONGJIA_CHINA_(125.680786,43.996419).csv"
"D:\matlab\bin\Koopman\datan2\2024\2024\54161199999_TAIPING_CHINA_(126.250328,45.623403).csv"
"D:\matlab\bin\Koopman\datan2\2024\2024\54186099999_DUNHUA_CHINA_(128.2,43.3666666).csv"
"D:\matlab\bin\Koopman\datan2\2024\2024\54208099999_DUOLUN_CHINA_(116.4666666,42.1833333).csv"
"D:\matlab\bin\Koopman\datan2\2024\2024\54218099999_CHIFENG_CHINA_(118.8333333,42.3).csv"
"D:\matlab\bin\Koopman\datan2\2024\2024\54226099999_BUGT_CHINA_(120.7,42.3333333).csv"
"D:\matlab\bin\Koopman\datan2\2024\2024\54236099999_ZHANGWU_CHINA_(122.5333333,42.4166666).csv"
"D:\matlab\bin\Koopman\datan2\2024\2024\54259099999_QINGYUAN_CHINA_(124.8666666,42.0666666).csv"
"D:\matlab\bin\Koopman\datan2\2024\2024\54273099999_HUADIAN_CHINA_(126.75,42.9833333).csv"
"D:\matlab\bin\Koopman\datan2\2024\2024\54292099999_YANJI_CHINA_(129.5,42.8833333).csv"
"D:\matlab\bin\Koopman\datan2\2024\2024\54308099999_FENGNING_CHINA_(116.6333333,41.2).csv"
"D:\matlab\bin\Koopman\datan2\2024\2024\54311099999_WEICHANG_CHINA_(117.75,41.9333333).csv"
"D:\matlab\bin\Koopman\datan2\2024\2024\54324099999_CHAOYANG_CHINA_(120.45,41.55).csv"
"D:\matlab\bin\Koopman\datan2\2024\2024\54337099999_JINZHOU_CHINA_(121.1166666,41.1333333).csv"
"D:\matlab\bin\Koopman\datan2\2024\2024\54342099999_SHENYANG_CHINA_(123.5166666,41.7333333).csv"
"D:\matlab\bin\Koopman\datan2\2024\2024\54342499999_TAOXIAN_CHINA_(123.483425,41.639842).csv"
"D:\matlab\bin\Koopman\datan2\2024\2024\54346099999_BENXI_CHINA_(123.7833333,41.3166666).csv"
"D:\matlab\bin\Koopman\datan2\2024\2024\54374099999_LINJIANG_CHINA_(126.9166666,41.8).csv"
"D:\matlab\bin\Koopman\datan2\2024\2024\54377099999_JI AN_CHINA_(126.2166666,41.15).csv"
"D:\matlab\bin\Koopman\datan2\2024\2024\54386099999_CHANGBAI_CHINA_(128.1833333,41.4166666).csv"
"D:\matlab\bin\Koopman\datan2\2024\2024\54401099999_ZHANGJIAKOU_CHINA_(114.8833333,40.7833333).csv"
"D:\matlab\bin\Koopman\datan2\2024\2024\54405099999_HUAILAI_CHINA_(115.5,40.4166666).csv"
"D:\matlab\bin\Koopman\datan2\2024\2024\54423099999_CHENGDE_CHINA_(117.9166666,40.9666666).csv"
"D:\matlab\bin\Koopman\datan2\2024\2024\54436099999_QINGLONG_CHINA_(118.95,40.4).csv"
"D:\matlab\bin\Koopman\datan2\2024\2024\54471099999_YINGKOU_CHINA_(122.2,40.6666666).csv"
"D:\matlab\bin\Koopman\datan2\2024\2024\54493099999_KUANDIAN_CHINA_(124.7833333,40.7166666).csv"
"D:\matlab\bin\Koopman\datan2\2024\2024\54497099999_DANDONG_CHINA_(124.3333333,40.05).csv"
"D:\matlab\bin\Koopman\datan2\2024\2024\54511099999_BEIJING CAPITAL INTERNATIONAL AIRPORT_CHINA_(116.584556,40.080111).csv"
"D:\matlab\bin\Koopman\datan2\2024\2024\54527099999_TIANJIN_CHINA_(117.1666666,39.1).csv"
"D:\matlab\bin\Koopman\datan2\2024\2024\54527399999_BINHAI_CHINA_(117.346183,39.124353).csv"
"D:\matlab\bin\Koopman\datan2\2024\2024\54534099999_TANGSHAN_CHINA_(118.1,39.65).csv"
"D:\matlab\bin\Koopman\datan2\2024\2024\54539099999_LETING_CHINA_(118.9,39.4333333).csv"
"D:\matlab\bin\Koopman\datan2\2024\2024\54602099999_BAODING_CHINA_(115.4833333,38.7333333).csv"
"D:\matlab\bin\Koopman\datan2\2024\2024\54618099999_POTOU_CHINA_(116.55,38.0833333).csv"
"D:\matlab\bin\Koopman\datan2\2024\2024\54662099999_ZHOUSHUIZI_CHINA_(121.5386,38.965667).csv"
"D:\matlab\bin\Koopman\datan2\2024\2024\54715099999_LINGXIAN_CHINA_(116.5666666,37.3333333).csv"
"D:\matlab\bin\Koopman\datan2\2024\2024\54725099999_HUIMIN_CHINA_(117.5333333,37.5).csv"
"D:\matlab\bin\Koopman\datan2\2024\2024\54751099999_CHANG DAO_CHINA_(120.7166666,37.9333333).csv"
"D:\matlab\bin\Koopman\datan2\2024\2024\54753099999_LONGKOU_CHINA_(120.3166666,37.6166666).csv"
"D:\matlab\bin\Koopman\datan2\2024\2024\54776099999_CHENGSHANTOU_CHINA_(122.6833333,37.4).csv"
"D:\matlab\bin\Koopman\datan2\2024\2024\54808099999_XINXIAN_CHINA_(115.6666666,36.2333333).csv"
"D:\matlab\bin\Koopman\datan2\2024\2024\54823099999_JINAN TSINAN_CHINA_(116.9833333,36.6833333).csv"
"D:\matlab\bin\Koopman\datan2\2024\2024\54826099999_TAI SHAN_CHINA_(117.1,36.25).csv"
"D:\matlab\bin\Koopman\datan2\2024\2024\54836099999_YIYUAN_CHINA_(118.15,36.1833333).csv"
"D:\matlab\bin\Koopman\datan2\2024\2024\54843099999_WEIFANG_CHINA_(119.1833333,36.7666666).csv"
"D:\matlab\bin\Koopman\datan2\2024\2024\54857099999_LIUTING_CHINA_(120.374436,36.266108).csv"
"D:\matlab\bin\Koopman\datan2\2024\2024\54863099999_HAIYANG_CHINA_(121.1666666,36.7666666).csv"
"D:\matlab\bin\Koopman\datan2\2024\2024\54909099999_DINGTAO_CHINA_(115.5166666,35.0833333).csv"
"D:\matlab\bin\Koopman\datan2\2024\2024\54916099999_YANZHOU_CHINA_(116.85,35.5666666).csv"
"D:\matlab\bin\Koopman\datan2\2024\2024\54929099999_FEZXZAN_CHINA_(117.95,35.25).csv"
"D:\matlab\bin\Koopman\datan2\2024\2024\54945099999_RIZHAO_CHINA_(119.5333333,35.4333333).csv"
"D:\matlab\bin\Koopman\datan2\2024\2024\55228099999_SHIQUANHE_CHINA_(80.0833333,32.5).csv"
"D:\matlab\bin\Koopman\datan2\2024\2024\55299099999_NAGQU_CHINA_(92.0666666,31.4833333).csv"
"D:\matlab\bin\Koopman\datan2\2024\2024\55578099999_XIGAZE_CHINA_(88.8833333,29.25).csv"
"D:\matlab\bin\Koopman\datan2\2024\2024\55591099999_LHASA_CHINA_(91.1333333,29.6666667).csv"
"D:\matlab\bin\Koopman\datan2\2024\2024\55664099999_TINGRI_CHINA_(87.0833333,28.6333333).csv"
"D:\matlab\bin\Koopman\datan2\2024\2024\55773099999_PAGRI_CHINA_(89.0833333,27.7333333).csv"
"D:\matlab\bin\Koopman\datan2\2024\2024\56004099999_TUOTUOHE_CHINA_(92.4333333,34.2166666).csv"
"D:\matlab\bin\Koopman\datan2\2024\2024\56018099999_ZADOI_CHINA_(95.3,32.9).csv"
"D:\matlab\bin\Koopman\datan2\2024\2024\56021099999_QUMARLEB_CHINA_(95.7833333,34.1333333).csv"
"D:\matlab\bin\Koopman\datan2\2024\2024\56029099999_YUSHU_CHINA_(96.95,33.0166666).csv"
"D:\matlab\bin\Koopman\datan2\2024\2024\56033099999_MADOI_CHINA_(98.2166666,34.9166666).csv"
"D:\matlab\bin\Koopman\datan2\2024\2024\56046099999_DARLAG_CHINA_(99.65,33.75).csv"
"D:\matlab\bin\Koopman\datan2\2024\2024\56065099999_HENAN_CHINA_(101.6,34.7333333).csv"
"D:\matlab\bin\Koopman\datan2\2024\2024\56079099999_RUO ERGAI_CHINA_(102.9666666,33.5833333).csv"
"D:\matlab\bin\Koopman\datan2\2024\2024\56080099999_HEZUO_CHINA_(102.9,35.0).csv"
"D:\matlab\bin\Koopman\datan2\2024\2024\56096099999_WUDU_CHINA_(104.9166666,33.4).csv"
"D:\matlab\bin\Koopman\datan2\2024\2024\56116099999_DENGQEN_CHINA_(95.6,31.4166666).csv"
"D:\matlab\bin\Koopman\datan2\2024\2024\56137099999_QAMDO_CHINA_(97.1666666,31.15).csv"
"D:\matlab\bin\Koopman\datan2\2024\2024\56144099999_DEGE_CHINA_(98.5666666,31.7333333).csv"
"D:\matlab\bin\Koopman\datan2\2024\2024\56146099999_GARZE_CHINA_(100.0,31.6166666).csv"
"D:\matlab\bin\Koopman\datan2\2024\2024\56152099999_SERTAR_CHINA_(100.3333333,32.2833333).csv"
"D:\matlab\bin\Koopman\datan2\2024\2024\56167099999_DAWU_CHINA_(101.1166666,30.9833333).csv"
"D:\matlab\bin\Koopman\datan2\2024\2024\56172099999_BARKAM_CHINA_(102.2333333,31.9).csv"
"D:\matlab\bin\Koopman\datan2\2024\2024\56182099999_SONGPAN_CHINA_(103.6,32.6666666).csv"
"D:\matlab\bin\Koopman\datan2\2024\2024\56187099999_WENJIANG_CHINA_(103.8666666,30.75).csv"
"D:\matlab\bin\Koopman\datan2\2024\2024\56196099999_MIANYANG_CHINA_(104.7333333,31.45).csv"
"D:\matlab\bin\Koopman\datan2\2024\2024\56247099999_BATANG_CHINA_(99.1,30.0).csv"
"D:\matlab\bin\Koopman\datan2\2024\2024\56257099999_LITANG_CHINA_(100.2666666,30.0).csv"
"D:\matlab\bin\Koopman\datan2\2024\2024\56287099999_YA AN_CHINA_(103.0,29.9833333).csv"
"D:\matlab\bin\Koopman\datan2\2024\2024\56294099999_SHUANGLIU_CHINA_(103.947086,30.578528).csv"
"D:\matlab\bin\Koopman\datan2\2024\2024\56312099999_NYINGCHI_CHINA_(94.4666666,29.5666666).csv"
"D:\matlab\bin\Koopman\datan2\2024\2024\56357099999_DAOCHENG_CHINA_(100.3,29.05).csv"
"D:\matlab\bin\Koopman\datan2\2024\2024\56374099999_KANGDING_CHINA_(101.9666666,30.05).csv"
"D:\matlab\bin\Koopman\datan2\2024\2024\56385099999_EMEI SHAN_CHINA_(103.3333333,29.5166666).csv"
"D:\matlab\bin\Koopman\datan2\2024\2024\56444099999_DEQEN_CHINA_(98.8833333,28.45).csv"
"D:\matlab\bin\Koopman\datan2\2024\2024\56462099999_JIULONG_CHINA_(101.5,29.0).csv"
"D:\matlab\bin\Koopman\datan2\2024\2024\56492099999_YIBIN_CHINA_(104.6,28.8).csv"
"D:\matlab\bin\Koopman\datan2\2024\2024\56571099999_XICHANG_CHINA_(102.2666667,27.9).csv"
"D:\matlab\bin\Koopman\datan2\2024\2024\56586099999_ZHAOTONG_CHINA_(103.75,27.3333333).csv"
"D:\matlab\bin\Koopman\datan2\2024\2024\56651099999_LIJING_CHINA_(100.2166667,26.8333333).csv"
"D:\matlab\bin\Koopman\datan2\2024\2024\56671099999_HUILI_CHINA_(102.25,26.65).csv"
"D:\matlab\bin\Koopman\datan2\2024\2024\56684099999_HUIZE_CHINA_(103.25,26.4).csv"
"D:\matlab\bin\Koopman\datan2\2024\2024\56691099999_WEINING_CHINA_(104.2833333,26.8666666).csv"
"D:\matlab\bin\Koopman\datan2\2024\2024\56739099999_TENGCHONG_CHINA_(98.5,24.9833333).csv"
"D:\matlab\bin\Koopman\datan2\2024\2024\56748099999_BAOSHAN_CHINA_(99.1833333,25.1166666).csv"
"D:\matlab\bin\Koopman\datan2\2024\2024\56751099999_DALI_CHINA_(100.1833333,25.7).csv"
"D:\matlab\bin\Koopman\datan2\2024\2024\56778099999_WUJIABA_CHINA_(102.743536,24.992364).csv"
"D:\matlab\bin\Koopman\datan2\2024\2024\56786099999_ZHANYI_CHINA_(103.8333333,25.5833333).csv"
"D:\matlab\bin\Koopman\datan2\2024\2024\56838099999_RUILI_CHINA_(97.85,24.0).csv"
"D:\matlab\bin\Koopman\datan2\2024\2024\56886099999_LUXI_CHINA_(103.7666666,24.5333333).csv"
"D:\matlab\bin\Koopman\datan2\2024\2024\56946099999_GENGMA_CHINA_(99.4,23.55).csv"
"D:\matlab\bin\Koopman\datan2\2024\2024\56951099999_LINCANG_CHINA_(100.2166666,23.95).csv"
"D:\matlab\bin\Koopman\datan2\2024\2024\56954099999_LANCANG_CHINA_(99.9333333,22.5666666).csv"
"D:\matlab\bin\Koopman\datan2\2024\2024\56959099999_JINGHONG_CHINA_(100.7833333,22.0).csv"
"D:\matlab\bin\Koopman\datan2\2024\2024\56964099999_SIMAO_CHINA_(100.9833333,22.7666666).csv"
"D:\matlab\bin\Koopman\datan2\2024\2024\56966099999_YUANJIANG_CHINA_(101.9833333,23.6).csv"
"D:\matlab\bin\Koopman\datan2\2024\2024\56969099999_MENGLA_CHINA_(101.5833333,21.5).csv"
"D:\matlab\bin\Koopman\datan2\2024\2024\56977099999_JIANGCHENG_CHINA_(101.8166666,22.6166666).csv"
"D:\matlab\bin\Koopman\datan2\2024\2024\56985099999_MENGZI_CHINA_(103.3333333,23.45).csv"
"D:\matlab\bin\Koopman\datan2\2024\2024\57014099999_BEIDAO_CHINA_(105.87,34.57).csv"
"D:\matlab\bin\Koopman\datan2\2024\2024\57025099999_FENGXIANG_CHINA_(107.3833333,34.5166666).csv"
"D:\matlab\bin\Koopman\datan2\2024\2024\57036099999_XIANYANG_CHINA_(108.751592,34.447119).csv"
"D:\matlab\bin\Koopman\datan2\2024\2024\57046099999_HUA SHAN_CHINA_(110.0833333,34.4833333).csv"
"D:\matlab\bin\Koopman\datan2\2024\2024\57067099999_LUSHI_CHINA_(111.0666666,34.0833333).csv"
"D:\matlab\bin\Koopman\datan2\2024\2024\57071099999_MENGJIN_CHINA_(112.4333333,34.8166666).csv"
"D:\matlab\bin\Koopman\datan2\2024\2024\57083099999_XINZHENG_CHINA_(113.840889,34.519672).csv"
"D:\matlab\bin\Koopman\datan2\2024\2024\57127099999_HANZHONG_CHINA_(107.0333333,33.0666666).csv"
"D:\matlab\bin\Koopman\datan2\2024\2024\57131099999_JINGHE_CHINA_(108.9666666,34.4333333).csv"
"D:\matlab\bin\Koopman\datan2\2024\2024\57178099999_NANYANG_CHINA_(112.4833333,33.1).csv"
"D:\matlab\bin\Koopman\datan2\2024\2024\57193099999_XIHUA_CHINA_(114.5166666,33.7833333).csv"
"D:\matlab\bin\Koopman\datan2\2024\2024\57237099999_WANYUAN_CHINA_(108.0333333,32.0666666).csv"
"D:\matlab\bin\Koopman\datan2\2024\2024\57245099999_ANKANG_CHINA_(109.0333333,32.7166666).csv"
"D:\matlab\bin\Koopman\datan2\2024\2024\57259099999_FANGXIAN_CHINA_(110.7666666,32.0333333).csv"
"D:\matlab\bin\Koopman\datan2\2024\2024\57265099999_LAOHEKOU_CHINA_(111.7333333,32.4333333).csv"
"D:\matlab\bin\Koopman\datan2\2024\2024\57279099999_ZAOYANG_CHINA_(112.6666666,32.15).csv"
"D:\matlab\bin\Koopman\datan2\2024\2024\57290099999_ZHUMADIAN_CHINA_(113.9166666,32.9333333).csv"
"D:\matlab\bin\Koopman\datan2\2024\2024\57297099999_XINYANG_CHINA_(114.05,32.1333333).csv"
"D:\matlab\bin\Koopman\datan2\2024\2024\57306099999_LANGZHONG_CHINA_(105.9666666,31.5833333).csv"
"D:\matlab\bin\Koopman\datan2\2024\2024\57328099999_DA XIAN_CHINA_(107.5,31.2).csv"
"D:\matlab\bin\Koopman\datan2\2024\2024\57348099999_FENGJIE_CHINA_(109.5333333,31.0166666).csv"
"D:\matlab\bin\Koopman\datan2\2024\2024\57378099999_ZHONGXIANG_CHINA_(112.6333333,31.1666666).csv"
"D:\matlab\bin\Koopman\datan2\2024\2024\57399099999_MACHENG_CHINA_(114.95,31.1333333).csv"
"D:\matlab\bin\Koopman\datan2\2024\2024\57411099999_GAOPING_CHINA_(106.1333333,30.75).csv"
"D:\matlab\bin\Koopman\datan2\2024\2024\57426099999_LIANGPING_CHINA_(107.8,30.6833333).csv"
"D:\matlab\bin\Koopman\datan2\2024\2024\57447099999_ENSHI_CHINA_(109.4666666,30.2833333).csv"
"D:\matlab\bin\Koopman\datan2\2024\2024\57461099999_YICHANG_CHINA_(111.3666666,30.7333333).csv"
"D:\matlab\bin\Koopman\datan2\2024\2024\57476099999_JIANGLING_CHINA_(112.1833333,30.3333333).csv"
"D:\matlab\bin\Koopman\datan2\2024\2024\57494099999_TIANHE_CHINA_(114.2081,30.783758).csv"
"D:\matlab\bin\Koopman\datan2\2024\2024\57494199999_SANYA PHOENIX INTERNATIONAL_CHINA_(109.412269,18.302892).csv"
"D:\matlab\bin\Koopman\datan2\2024\2024\57503099999_NEIJIANG_CHINA_(105.1166666,29.6166666).csv"
"D:\matlab\bin\Koopman\datan2\2024\2024\57516099999_JIANGBEI_CHINA_(106.641678,29.719217).csv"
"D:\matlab\bin\Koopman\datan2\2024\2024\57554099999_SANGZHI_CHINA_(110.1666666,29.4).csv"
"D:\matlab\bin\Koopman\datan2\2024\2024\57584099999_YUEYANG_CHINA_(113.0833333,29.3833333).csv"
"D:\matlab\bin\Koopman\datan2\2024\2024\57598099999_XIUSHUI_CHINA_(114.5833333,29.0333333).csv"
"D:\matlab\bin\Koopman\datan2\2024\2024\57604099999_NAXI_CHINA_(105.3833333,28.7833333).csv"
"D:\matlab\bin\Koopman\datan2\2024\2024\57633099999_YOUYANG_CHINA_(108.7666666,28.8333333).csv"
"D:\matlab\bin\Koopman\datan2\2024\2024\57655099999_YUANLING_CHINA_(110.4,28.4666666).csv"
"D:\matlab\bin\Koopman\datan2\2024\2024\57662099999_CHANGDE_CHINA_(111.6833333,29.05).csv"
"D:\matlab\bin\Koopman\datan2\2024\2024\57687099999_CHANGSHA_CHINA_(112.7833333,28.1166666).csv"
"D:\matlab\bin\Koopman\datan2\2024\2024\57707099999_BIJIE_CHINA_(105.2333333,27.3).csv"
"D:\matlab\bin\Koopman\datan2\2024\2024\57712099999_HUICHUAN_CHINA_(106.95,27.7333333).csv"
"D:\matlab\bin\Koopman\datan2\2024\2024\57731099999_SINAN_CHINA_(108.25,27.95).csv"
"D:\matlab\bin\Koopman\datan2\2024\2024\57745099999_ZHIJIANG_CHINA_(109.6833333,27.45).csv"
"D:\matlab\bin\Koopman\datan2\2024\2024\57766099999_SHAOYANG_CHINA_(111.45,27.1833333).csv"
"D:\matlab\bin\Koopman\datan2\2024\2024\57776099999_NANYUE_CHINA_(112.7,27.3).csv"
"D:\matlab\bin\Koopman\datan2\2024\2024\57793099999_YICHUN_CHINA_(114.3833333,27.8).csv"
"D:\matlab\bin\Koopman\datan2\2024\2024\57799099999_JI AN_CHINA_(114.9666666,27.1166666).csv"
"D:\matlab\bin\Koopman\datan2\2024\2024\57816099999_LONGDONGBAO_CHINA_(106.800703,26.538522).csv"
"D:\matlab\bin\Koopman\datan2\2024\2024\57832099999_SANSUI_CHINA_(108.6666666,26.9666666).csv"
"D:\matlab\bin\Koopman\datan2\2024\2024\57845099999_TONGDAO_CHINA_(109.7833333,26.1666666).csv"
"D:\matlab\bin\Koopman\datan2\2024\2024\57853099999_WUGANG_CHINA_(110.6333333,26.7333333).csv"
"D:\matlab\bin\Koopman\datan2\2024\2024\57866099999_LINGLING_CHINA_(111.6166666,26.2333333).csv"
"D:\matlab\bin\Koopman\datan2\2024\2024\57902099999_XINGREN_CHINA_(105.1833333,25.4333333).csv"
"D:\matlab\bin\Koopman\datan2\2024\2024\57916099999_LUODIAN_CHINA_(106.7666666,25.4333333).csv"
"D:\matlab\bin\Koopman\datan2\2024\2024\57922099999_DUSHAN_CHINA_(107.55,25.8333333).csv"
"D:\matlab\bin\Koopman\datan2\2024\2024\57932099999_RONGJIANG_CHINA_(108.5333333,25.9666666).csv"
"D:\matlab\bin\Koopman\datan2\2024\2024\57957099999_LIANGJIANG_CHINA_(110.039197,25.218106).csv"
"D:\matlab\bin\Koopman\datan2\2024\2024\57972099999_CHENZHOU_CHINA_(112.9666666,25.7333333).csv"
"D:\matlab\bin\Koopman\datan2\2024\2024\57993099999_GANZHOU_CHINA_(114.95,25.85).csv"
"D:\matlab\bin\Koopman\datan2\2024\2024\57993199999_YAOQIANG_CHINA_(117.215994,36.856561).csv"
"D:\matlab\bin\Koopman\datan2\2024\2024\58027099999_XUZHOU_CHINA_(117.15,34.2833333).csv"
"D:\matlab\bin\Koopman\datan2\2024\2024\58040099999_GANYU_CHINA_(119.1333333,34.85).csv"
"D:\matlab\bin\Koopman\datan2\2024\2024\58102099999_BOXIAN_CHINA_(115.7333333,33.7833333).csv"
"D:\matlab\bin\Koopman\datan2\2024\2024\58141099999_HUAIYIN_CHINA_(118.9333333,33.6333333).csv"
"D:\matlab\bin\Koopman\datan2\2024\2024\58150099999_SHEYANG_CHINA_(120.3,33.75).csv"
"D:\matlab\bin\Koopman\datan2\2024\2024\58203099999_FUYANG_CHINA_(115.7333333,32.8666666).csv"
"D:\matlab\bin\Koopman\datan2\2024\2024\58208099999_GUSHI_CHINA_(115.6166666,32.1666666).csv"
"D:\matlab\bin\Koopman\datan2\2024\2024\58221099999_BENGBU_CHINA_(117.3,32.85).csv"
"D:\matlab\bin\Koopman\datan2\2024\2024\58238099999_LUKOU_CHINA_(118.862025,31.742042).csv"
"D:\matlab\bin\Koopman\datan2\2024\2024\58239099999_LISHE_CHINA_(121.465069,29.824944).csv"
"D:\matlab\bin\Koopman\datan2\2024\2024\58251099999_DONGTAI_CHINA_(120.2833333,32.85).csv"
"D:\matlab\bin\Koopman\datan2\2024\2024\58265099999_LUSI_CHINA_(121.6,32.0666666).csv"
"D:\matlab\bin\Koopman\datan2\2024\2024\58314099999_HUOSHAN_CHINA_(116.3333333,31.4).csv"
"D:\matlab\bin\Koopman\datan2\2024\2024\58321099999_LUOGANG_CHINA_(117.298436,31.780019).csv"
"D:\matlab\bin\Koopman\datan2\2024\2024\58321199999_PUDONG_CHINA_(121.805214,31.143378).csv"
"D:\matlab\bin\Koopman\datan2\2024\2024\58338099999_WUHUXIAN_CHINA_(118.5833333,31.15).csv"
"D:\matlab\bin\Koopman\datan2\2024\2024\58345099999_LIYANG_CHINA_(119.4833333,31.4333333).csv"
"D:\matlab\bin\Koopman\datan2\2024\2024\58362099999_SHANGHAI_CHINA_(121.4666666,31.4).csv"
"D:\matlab\bin\Koopman\datan2\2024\2024\58367099999_HONGQIAO INTERNATIONAL_CHINA_(121.336319,31.197875).csv"
"D:\matlab\bin\Koopman\datan2\2024\2024\58424099999_ANQING_CHINA_(116.9666667,30.6166666).csv"
"D:\matlab\bin\Koopman\datan2\2024\2024\58437099999_HUANG SHAN_CHINA_(118.15,30.1333333).csv"
"D:\matlab\bin\Koopman\datan2\2024\2024\58457099999_XIAOSHAN_CHINA_(120.431667,30.228333).csv"
"D:\matlab\bin\Koopman\datan2\2024\2024\58472099999_SHENGSI_CHINA_(122.45,30.7333333).csv"
"D:\matlab\bin\Koopman\datan2\2024\2024\58477099999_DINGHAI_CHINA_(122.1166666,30.0333333).csv"
"D:\matlab\bin\Koopman\datan2\2024\2024\58506099999_LU SHAN_CHINA_(115.9833333,29.5833333).csv"
"D:\matlab\bin\Koopman\datan2\2024\2024\58527099999_JINGDEZHEN_CHINA_(117.2,29.3).csv"
"D:\matlab\bin\Koopman\datan2\2024\2024\58543099999_CHUN AN_CHINA_(119.0166666,29.6166666).csv"
"D:\matlab\bin\Koopman\datan2\2024\2024\58556099999_SHENGXIAN_CHINA_(120.8166666,29.6).csv"
"D:\matlab\bin\Koopman\datan2\2024\2024\58569099999_SHIPU_CHINA_(121.95,29.2).csv"
"D:\matlab\bin\Koopman\datan2\2024\2024\58606099999_CHANGBEI INTERNATIONAL_CHINA_(115.9,28.865).csv"
"D:\matlab\bin\Koopman\datan2\2024\2024\58633099999_QU XIAN_CHINA_(118.8666666,28.9666666).csv"
"D:\matlab\bin\Koopman\datan2\2024\2024\58646099999_LISHUI_CHINA_(119.9166666,28.45).csv"
"D:\matlab\bin\Koopman\datan2\2024\2024\58666099999_DACHEN DAO_CHINA_(121.8833333,28.45).csv"
"D:\matlab\bin\Koopman\datan2\2024\2024\58715099999_NANCHENG_CHINA_(116.65,27.5833333).csv"
"D:\matlab\bin\Koopman\datan2\2024\2024\58725099999_SHAOWU_CHINA_(117.4666667,27.3333333).csv"
"D:\matlab\bin\Koopman\datan2\2024\2024\58730099999_WUYISHAN_CHINA_(118.0333333,27.7666666).csv"
"D:\matlab\bin\Koopman\datan2\2024\2024\58731099999_PUCHENG_CHINA_(118.5333333,27.9166666).csv"
"D:\matlab\bin\Koopman\datan2\2024\2024\58752099999_RUIAN_CHINA_(120.65,27.7833333).csv"
"D:\matlab\bin\Koopman\datan2\2024\2024\58754099999_FUDING_CHINA_(120.2,27.3333333).csv"
"D:\matlab\bin\Koopman\datan2\2024\2024\58813099999_GUANGCHANG_CHINA_(116.3333333,26.85).csv"
"D:\matlab\bin\Koopman\datan2\2024\2024\58834099999_NANPING_CHINA_(118.15,26.6333333).csv"
"D:\matlab\bin\Koopman\datan2\2024\2024\58847099999_FUZHOU_CHINA_(119.2833333,26.0833333).csv"
"D:\matlab\bin\Koopman\datan2\2024\2024\58911099999_CHANGTING_CHINA_(116.3666666,25.85).csv"
"D:\matlab\bin\Koopman\datan2\2024\2024\58921099999_YONG AN_CHINA_(117.37,25.95).csv"
"D:\matlab\bin\Koopman\datan2\2024\2024\58926099999_ZHANG PING_CHINA_(117.4,25.3).csv"
"D:\matlab\bin\Koopman\datan2\2024\2024\58931099999_JIUXIAN SHAN_CHINA_(118.1,25.7166666).csv"
"D:\matlab\bin\Koopman\datan2\2024\2024\58944099999_PINGTAN_CHINA_(119.7833333,25.5166666).csv"
"D:\matlab\bin\Koopman\datan2\2024\2024\58968099999_TAIBEI_CHINA_(121.5166666,25.0333333).csv"
"D:\matlab\bin\Koopman\datan2\2024\2024\58974099999_PENGJIA YU_CHINA_(122.0666666,25.6333333).csv"
"D:\matlab\bin\Koopman\datan2\2024\2024\59007099999_GUANGNAN_CHINA_(105.0666666,24.0666666).csv"
"D:\matlab\bin\Koopman\datan2\2024\2024\59023099999_HECHI_CHINA_(108.05,24.7).csv"
"D:\matlab\bin\Koopman\datan2\2024\2024\59046099999_LIUZHOU_CHINA_(109.4,24.35).csv"
"D:\matlab\bin\Koopman\datan2\2024\2024\59058099999_MENGSHAN_CHINA_(110.5166666,24.2).csv"
"D:\matlab\bin\Koopman\datan2\2024\2024\59072099999_LIANZHOU_CHINA_(112.3666666,24.8).csv"
"D:\matlab\bin\Koopman\datan2\2024\2024\59082099999_SHAOGUAN_CHINA_(113.6,24.6666666).csv"
"D:\matlab\bin\Koopman\datan2\2024\2024\59087099999_FOGANG_CHINA_(113.5166666,23.8833333).csv"
"D:\matlab\bin\Koopman\datan2\2024\2024\59096099999_LIANPING_CHINA_(114.4833333,24.3666666).csv"
"D:\matlab\bin\Koopman\datan2\2024\2024\59102099999_XUNWU_CHINA_(115.65,24.95).csv"
"D:\matlab\bin\Koopman\datan2\2024\2024\59117099999_MEI XIAN_CHINA_(116.0666666,24.2833333).csv"
"D:\matlab\bin\Koopman\datan2\2024\2024\59134099999_GAOQI_CHINA_(118.127739,24.544036).csv"
"D:\matlab\bin\Koopman\datan2\2024\2024\59158099999_TAIZHONG_CHINA_(120.6833333,24.15).csv"
"D:\matlab\bin\Koopman\datan2\2024\2024\59209099999_NAPO_CHINA_(105.95,23.3).csv"
"D:\matlab\bin\Koopman\datan2\2024\2024\59211099999_BAISE_CHINA_(106.6,23.9).csv"
"D:\matlab\bin\Koopman\datan2\2024\2024\59254099999_GUIPING_CHINA_(110.0833333,23.4).csv"
"D:\matlab\bin\Koopman\datan2\2024\2024\59265099999_WUZHOU_CHINA_(111.3,23.4833333).csv"
"D:\matlab\bin\Koopman\datan2\2024\2024\59278099999_GAOYAO_CHINA_(112.4666666,23.05).csv"
"D:\matlab\bin\Koopman\datan2\2024\2024\59287099999_BAIYUN INTERNATIONAL_CHINA_(113.298786,23.392436).csv"
"D:\matlab\bin\Koopman\datan2\2024\2024\59287199999_HUANGHUA_CHINA_(113.219633,28.189158).csv"
"D:\matlab\bin\Koopman\datan2\2024\2024\59293099999_HEYUAN_CHINA_(114.7333333,23.8).csv"
"D:\matlab\bin\Koopman\datan2\2024\2024\59316099999_SHANTOU_CHINA_(116.6833333,23.4).csv"
"D:\matlab\bin\Koopman\datan2\2024\2024\59358099999_TAINAN_CHINA_(120.2166666,23.0).csv"
"D:\matlab\bin\Koopman\datan2\2024\2024\59417099999_LONGZHOU_CHINA_(106.75,22.3666666).csv"
"D:\matlab\bin\Koopman\datan2\2024\2024\59431099999_WUXU_CHINA_(108.172442,22.608267).csv"
"D:\matlab\bin\Koopman\datan2\2024\2024\59456099999_XINYI_CHINA_(110.9333333,22.35).csv"
"D:\matlab\bin\Koopman\datan2\2024\2024\59493099999_BAOAN INTERNATIONAL_CHINA_(113.810664,22.639258).csv"
"D:\matlab\bin\Koopman\datan2\2024\2024\59501099999_SHANWEI_CHINA_(115.3666666,22.7833333).csv"
"D:\matlab\bin\Koopman\datan2\2024\2024\59559099999_HENGCHUN_CHINA_(120.75,22.0).csv"
"D:\matlab\bin\Koopman\datan2\2024\2024\59562099999_TAIDONG_CHINA_(121.15,22.75).csv"
"D:\matlab\bin\Koopman\datan2\2024\2024\59567099999_LAN YU_CHINA_(121.55,22.0333333).csv"
"D:\matlab\bin\Koopman\datan2\2024\2024\59632099999_QINZHOU_CHINA_(108.6166666,21.95).csv"
"D:\matlab\bin\Koopman\datan2\2024\2024\59644099999_BEIHAI_CHINA_(109.1,21.4833333).csv"
"D:\matlab\bin\Koopman\datan2\2024\2024\59658099999_ZHANJIANG_CHINA_(110.3,21.15).csv"
"D:\matlab\bin\Koopman\datan2\2024\2024\59663099999_YANGJIANG_CHINA_(111.9666666,21.8666666).csv"
"D:\matlab\bin\Koopman\datan2\2024\2024\59673099999_SHANGCHUAN DAO_CHINA_(112.7666666,21.7333333).csv"
"D:\matlab\bin\Koopman\datan2\2024\2024\59758099999_HAIKOU_CHINA_(110.25,20.0).csv"
"D:\matlab\bin\Koopman\datan2\2024\2024\59792099999_DONGSHA DAO_CHINA_(116.7166666,20.6666666).csv"
"D:\matlab\bin\Koopman\datan2\2024\2024\59838099999_DONGFANG_CHINA_(108.6166666,19.1).csv"
"D:\matlab\bin\Koopman\datan2\2024\2024\59845099999_DANXIAN_CHINA_(109.5833333,19.5166666).csv"
"D:\matlab\bin\Koopman\datan2\2024\2024\59855099999_QIONGHAI_CHINA_(110.4666666,19.2333333).csv"
"D:\matlab\bin\Koopman\datan2\2024\2024\59948099999_SANYA_CHINA_(109.5833333,18.2166666).csv"
"D:\matlab\bin\Koopman\datan2\2024\2024\59981099999_XISHA DAO_CHINA_(112.3333333,16.8333333).csv"
"D:\matlab\bin\Koopman\datan2\2024\2024\59985099999_SANHU DAO_CHINA_(111.6166666,16.5333333).csv"
"D:\matlab\bin\Koopman\datan2\2024\2024\59997099999_NANSHA DAO_CHINA_(114.3666666,10.3833333).csv"
